,size,instance,depth,edge_prob,diag_time,sim_time
0,6,0,1,0.2,0.0006839160014351364,0.0033107920025940984
1,6,0,2,0.2,0.0006839160014351364,0.0011258749982516747
2,6,0,4,0.2,0.0006839160014351364,0.001825583996833302
3,6,0,8,0.2,0.0006839160014351364,0.0032339579993276857
4,6,0,16,0.2,0.0006839160014351364,0.006100041999161476
5,6,0,1,0.4,0.0006683749998046551,0.0007630830004927702
6,6,0,2,0.4,0.0006683749998046551,0.0011412500025471672
7,6,0,4,0.4,0.0006683749998046551,0.0021384589999797754
8,6,0,8,0.4,0.0006683749998046551,0.003858541000226978
9,6,0,16,0.4,0.0006683749998046551,0.0069232919995556585
10,6,0,1,0.6,0.002029125000262866,0.0009507499999017455
11,6,0,2,0.6,0.002029125000262866,0.0015399160001834389
12,6,0,4,0.6,0.002029125000262866,0.002759082999546081
13,6,0,8,0.6,0.002029125000262866,0.005069291000836529
14,6,0,16,0.6,0.002029125000262866,0.00988491699899896
15,6,0,1,0.8,0.0017241669993381947,0.0009164580005744938
16,6,0,2,0.8,0.0017241669993381947,0.0014502500016533304
17,6,0,4,0.8,0.0017241669993381947,0.0026644589997886214
18,6,0,8,0.8,0.0017241669993381947,0.0048843750009837095
19,6,0,16,0.8,0.0017241669993381947,0.009406167002453003
20,6,1,1,0.2,0.0003893329994753003,0.0006947080000827555
21,6,1,2,0.2,0.0003893329994753003,0.0011152080005558673
22,6,1,4,0.2,0.0003893329994753003,0.0017789999983506277
23,6,1,8,0.2,0.0003893329994753003,0.003137125000648666
24,6,1,16,0.2,0.0003893329994753003,0.006062665997887962
25,6,1,1,0.4,0.0007548339999630116,0.000778499997977633
26,6,1,2,0.4,0.0007548339999630116,0.0012153339994256385
27,6,1,4,0.4,0.0007548339999630116,0.0021327079994080123
28,6,1,8,0.4,0.0007548339999630116,0.003822292001132155
29,6,1,16,0.4,0.0007548339999630116,0.007315959002880845
30,6,1,1,0.6,0.0010922910005319864,0.0008354579986189492
31,6,1,2,0.6,0.0010922910005319864,0.0012749160014209338
32,6,1,4,0.6,0.0010922910005319864,0.0023490829989896156
33,6,1,8,0.6,0.0010922910005319864,0.004214749998936895
34,6,1,16,0.6,0.0010922910005319864,0.008114666998153552
35,6,1,1,0.8,0.001984124999580672,0.0009421669965377077
36,6,1,2,0.8,0.001984124999580672,0.0014800409990129992
37,6,1,4,0.8,0.001984124999580672,0.0027651669988699723
38,6,1,8,0.8,0.001984124999580672,0.005059749997599283
39,6,1,16,0.8,0.001984124999580672,0.00980208300097729
40,6,2,1,0.2,0.00048633299957145937,0.0007270829992194194
41,6,2,2,0.2,0.00048633299957145937,0.0010790420019475278
42,6,2,4,0.2,0.00048633299957145937,0.0019283340006950311
43,6,2,8,0.2,0.00048633299957145937,0.0033916669999598525
44,6,2,16,0.2,0.00048633299957145937,0.006418625001970213
45,6,2,1,0.4,0.0009172089994535781,0.0007997499997145496
46,6,2,2,0.4,0.0009172089994535781,0.0012347090014372952
47,6,2,4,0.4,0.0009172089994535781,0.0022250000001804437
48,6,2,8,0.4,0.0009172089994535781,0.004034417001093971
49,6,2,16,0.4,0.0009172089994535781,0.007709875000728061
50,6,2,1,0.6,0.0012726669992844108,0.0008555830027034972
51,6,2,2,0.6,0.0012726669992844108,0.0013339580000319984
52,6,2,4,0.6,0.0012726669992844108,0.0024478749983245507
53,6,2,8,0.6,0.0012726669992844108,0.0044737919997714926
54,6,2,16,0.6,0.0012726669992844108,0.008519708000676474
55,6,2,1,0.8,0.0017525420007586945,0.0009129999998549465
56,6,2,2,0.8,0.0017525420007586945,0.0014282500014815014
57,6,2,4,0.8,0.0017525420007586945,0.0026523330016061664
58,6,2,8,0.8,0.0017525420007586945,0.004860875000304077
59,6,2,16,0.8,0.0017525420007586945,0.009443250000913395
60,6,3,1,0.2,0.00018641700080479495,0.0006224999997357372
61,6,3,2,0.2,0.00018641700080479495,0.0009024169994518161
62,6,3,4,0.2,0.00018641700080479495,0.001557791001687292
63,6,3,8,0.2,0.00018641700080479495,0.0027471670000522863
64,6,3,16,0.2,0.00018641700080479495,0.005103458999656141
65,6,3,1,0.4,0.0009113339983741753,0.0007879999975557439
66,6,3,2,0.4,0.0009113339983741753,0.0012293750005483162
67,6,3,4,0.4,0.0009113339983741753,0.002258165997773176
68,6,3,8,0.4,0.0009113339983741753,0.004043790999276098
69,6,3,16,0.4,0.0009113339983741753,0.007811291998223169
70,6,3,1,0.6,0.0009241670013580006,0.0008077500024228357
71,6,3,2,0.6,0.0009241670013580006,0.001237166998180328
72,6,3,4,0.6,0.0009241670013580006,0.0022204580018296838
73,6,3,8,0.6,0.0009241670013580006,0.00405158299690811
74,6,3,16,0.6,0.0009241670013580006,0.0077219999984663446
75,6,3,1,0.8,0.0015017910009191837,0.0008917500017560087
76,6,3,2,0.8,0.0015017910009191837,0.001379540997731965
77,6,3,4,0.8,0.0015017910009191837,0.0025386249981238507
78,6,3,8,0.8,0.0015017910009191837,0.0046701249993930105
79,6,3,16,0.8,0.0015017910009191837,0.008976500001153909
80,6,4,1,0.2,0.00047466600153711624,0.0007147500000428408
81,6,4,2,0.2,0.00047466600153711624,0.0011220000014873222
82,6,4,4,0.2,0.00047466600153711624,0.0019044170003326144
83,6,4,8,0.2,0.00047466600153711624,0.003402750000532251
84,6,4,16,0.2,0.00047466600153711624,0.006424291001167148
85,6,4,1,0.4,0.000888541999302106,0.0008172500020009466
86,6,4,2,0.4,0.000888541999302106,0.0012165000007371418
87,6,4,4,0.4,0.000888541999302106,0.0022080839989939705
88,6,4,8,0.4,0.000888541999302106,0.004018874999019317
89,6,4,16,0.4,0.000888541999302106,0.007747375002509216
90,6,4,1,0.6,0.0014894999985699542,0.0009449999997741543
91,6,4,2,0.6,0.0014894999985699542,0.0014833749992249068
92,6,4,4,0.6,0.0014894999985699542,0.0025454579990764614
93,6,4,8,0.6,0.0014894999985699542,0.004643250002118293
94,6,4,16,0.6,0.0014894999985699542,0.008939167000789894
95,6,4,1,0.8,0.0022254579998843838,0.0009503330002189614
96,6,4,2,0.8,0.0022254579998843838,0.0015154169996094424
97,6,4,4,0.8,0.0022254579998843838,0.0028437080000003334
98,6,4,8,0.8,0.0022254579998843838,0.005268209002679214
99,6,4,16,0.8,0.0022254579998843838,0.036883374999888474
100,6,5,1,0.2,0.0008043329980864655,0.0008561249997001141
101,6,5,2,0.2,0.0008043329980864655,0.0012192499998491257
102,6,5,4,0.2,0.0008043329980864655,0.0021227920005912893
103,6,5,8,0.2,0.0008043329980864655,0.0038097920005384367
104,6,5,16,0.2,0.0008043329980864655,0.00733645799846272
105,6,5,1,0.4,0.0007624999998370185,0.0007802079999237321
106,6,5,2,0.4,0.0007624999998370185,0.001167041998996865
107,6,5,4,0.4,0.0007624999998370185,0.0021667500004696194
108,6,5,8,0.4,0.0007624999998370185,0.0038229589990805835
109,6,5,16,0.4,0.0007624999998370185,0.007261583999934373
110,6,5,1,0.6,0.0014996669997344725,0.0008968750007625204
111,6,5,2,0.6,0.0014996669997344725,0.0013724999989790376
112,6,5,4,0.6,0.0014996669997344725,0.002534957999159815
113,6,5,8,0.6,0.0014996669997344725,0.004625500001566252
114,6,5,16,0.6,0.0014996669997344725,0.009011375001136912
115,6,5,1,0.8,0.0025548750018060673,0.0010294169987901114
116,6,5,2,0.8,0.0025548750018060673,0.0016473329997097608
117,6,5,4,0.8,0.0025548750018060673,0.0029096250000293367
118,6,5,8,0.8,0.0025548750018060673,0.0054782919978606515
119,6,5,16,0.8,0.0025548750018060673,0.010590375000901986
120,6,6,1,0.2,0.0006027500021446031,0.0007531250012107193
121,6,6,2,0.2,0.0006027500021446031,0.0011144579984829761
122,6,6,4,0.2,0.0006027500021446031,0.0020091250007681083
123,6,6,8,0.2,0.0006027500021446031,0.003585542002838338
124,6,6,16,0.2,0.0006027500021446031,0.006894834001286654
125,6,6,1,0.4,0.0004976669988536742,0.0007102919989847578
126,6,6,2,0.4,0.0004976669988536742,0.00106683299964061
127,6,6,4,0.4,0.0004976669988536742,0.001916332999826409
128,6,6,8,0.4,0.0004976669988536742,0.0033803330006776378
129,6,6,16,0.4,0.0004976669988536742,0.0064745839990791865
130,6,6,1,0.6,0.0012736249991576187,0.000843624999106396
131,6,6,2,0.6,0.0012736249991576187,0.0013341660014702938
132,6,6,4,0.6,0.0012736249991576187,0.002431417000479996
133,6,6,8,0.6,0.0012736249991576187,0.0044720410005538724
134,6,6,16,0.6,0.0012736249991576187,0.008521583000401733
135,6,6,1,0.8,0.0019825419985863846,0.0009305829989898484
136,6,6,2,0.8,0.0019825419985863846,0.0014642499991168734
137,6,6,4,0.8,0.0019825419985863846,0.0027277920016786084
138,6,6,8,0.8,0.0019825419985863846,0.005030500000430038
139,6,6,16,0.8,0.0019825419985863846,0.009822833999351133
140,6,7,1,0.2,0.0006060000014258549,0.0007380840033874847
141,6,7,2,0.2,0.0006060000014258549,0.00114591699821176
142,6,7,4,0.2,0.0006060000014258549,0.0019916669989470392
143,6,7,8,0.2,0.0006060000014258549,0.0035776670010818634
144,6,7,16,0.2,0.0006060000014258549,0.006819334001193056
145,6,7,1,0.4,0.0009043329991982318,0.0007943330019770656
146,6,7,2,0.4,0.0009043329991982318,0.0012092920005670749
147,6,7,4,0.4,0.0009043329991982318,0.002217125002061948
148,6,7,8,0.4,0.0009043329991982318,0.004028374998597428
149,6,7,16,0.4,0.0009043329991982318,0.007778790997690521
150,6,7,1,0.6,0.0012781250006810296,0.0008522499992977828
151,6,7,2,0.6,0.0012781250006810296,0.0013065419989288785
152,6,7,4,0.6,0.0012781250006810296,0.0024196249978558626
153,6,7,8,0.6,0.0012781250006810296,0.004427916999702575
154,6,7,16,0.6,0.0012781250006810296,0.008481125001708278
155,6,7,1,0.8,0.001989458000025479,0.0009327500010840595
156,6,7,2,0.8,0.001989458000025479,0.0014647909993072972
157,6,7,4,0.8,0.001989458000025479,0.0027398330021242145
158,6,7,8,0.8,0.001989458000025479,0.0050084159993275534
159,6,7,16,0.8,0.001989458000025479,0.009735416999319568
160,6,8,1,0.2,0.00018066700067720376,0.0006267919998208527
161,6,8,2,0.2,0.00018066700067720376,0.0008974169977591373
162,6,8,4,0.2,0.00018066700067720376,0.0015147500016610138
163,6,8,8,0.2,0.00018066700067720376,0.002740500000072643
164,6,8,16,0.2,0.00018066700067720376,0.005099250000057509
165,6,8,1,0.4,0.0009083750010177027,0.0007825000029697549
166,6,8,2,0.4,0.0009083750010177027,0.0012090830023225863
167,6,8,4,0.4,0.0009083750010177027,0.0022040830008336343
168,6,8,8,0.4,0.0009083750010177027,0.0040147090003301855
169,6,8,16,0.4,0.0009083750010177027,0.007745957998849917
170,6,8,1,0.6,0.000900249997357605,0.0008024169983400498
171,6,8,2,0.6,0.000900249997357605,0.001223666997248074
172,6,8,4,0.6,0.000900249997357605,0.0022045000005164184
173,6,8,8,0.6,0.000900249997357605,0.003996583000116516
174,6,8,16,0.6,0.000900249997357605,0.007678541001951089
175,6,8,1,0.8,0.0022201669999049045,0.0009566250009811483
176,6,8,2,0.8,0.0022201669999049045,0.0015079160002642311
177,6,8,4,0.8,0.0022201669999049045,0.002834458002325846
178,6,8,8,0.8,0.0022201669999049045,0.005232541996520013
179,6,8,16,0.8,0.0022201669999049045,0.010155625001061708
180,6,9,1,0.2,0.0007390830032818485,0.0007743749993096571
181,6,9,2,0.2,0.0007390830032818485,0.0011564170017663855
182,6,9,4,0.2,0.0007390830032818485,0.0021181669981160667
183,6,9,8,0.2,0.0007390830032818485,0.0038067080022301525
184,6,9,16,0.2,0.0007390830032818485,0.0072718750016065314
185,6,9,1,0.4,0.0012872500010416843,0.0008431249989371281
186,6,9,2,0.4,0.0012872500010416843,0.0013143339965608902
187,6,9,4,0.4,0.0012872500010416843,0.002435166999930516
188,6,9,8,0.4,0.0012872500010416843,0.0044257080007810146
189,6,9,16,0.4,0.0012872500010416843,0.008509209001203999
190,6,9,1,0.6,0.0009040420009114314,0.0007850830006645992
191,6,9,2,0.6,0.0009040420009114314,0.0012037079977744725
192,6,9,4,0.6,0.0009040420009114314,0.0022013329980836716
193,6,9,8,0.6,0.0009040420009114314,0.004026750000775792
194,6,9,16,0.6,0.0009040420009114314,0.007888625001214677
195,6,9,1,0.8,0.0022584170001209714,0.000979749998805346
196,6,9,2,0.8,0.0022584170001209714,0.0015410830019391142
197,6,9,4,0.8,0.0022584170001209714,0.0029231670014269184
198,6,9,8,0.8,0.0022584170001209714,0.005283333000988932
199,6,9,16,0.8,0.0022584170001209714,0.010194666003371822
200,8,0,1,0.2,0.001510707999841543,0.0010399999991932418
201,8,0,2,0.2,0.001510707999841543,0.0016358749999199063
202,8,0,4,0.2,0.001510707999841543,0.0028781670007447246
203,8,0,8,0.2,0.001510707999841543,0.00542404199950397
204,8,0,16,0.2,0.001510707999841543,0.010263791999022942
205,8,0,1,0.4,0.001988583000638755,0.0010481669996806886
206,8,0,2,0.4,0.001988583000638755,0.001680458000919316
207,8,0,4,0.4,0.001988583000638755,0.0030994169974292163
208,8,0,8,0.4,0.001988583000638755,0.005672832998243393
209,8,0,16,0.4,0.001988583000638755,0.011161541999172186
210,8,0,1,0.6,0.004659792000893503,0.0012712079987977631
211,8,0,2,0.6,0.004659792000893503,0.002203250001912238
212,8,0,4,0.6,0.004659792000893503,0.003887040998961311
213,8,0,8,0.6,0.004659792000893503,0.007274250001501059
214,8,0,16,0.6,0.004659792000893503,0.014303416999609908
215,8,0,1,0.8,0.006851624999399064,0.0014237499999580905
216,8,0,2,0.8,0.006851624999399064,0.0024797080004645977
217,8,0,4,0.8,0.006851624999399064,0.004440041000634665
218,8,0,8,0.8,0.006851624999399064,0.008514165998349199
219,8,0,16,0.8,0.006851624999399064,0.016475375003210502
220,8,1,1,0.2,0.0010774590009532403,0.0009447919983358588
221,8,1,2,0.2,0.0010774590009532403,0.0015043749990582
222,8,1,4,0.2,0.0010774590009532403,0.0026554169999144506
223,8,1,8,0.2,0.0010774590009532403,0.004867083000135608
224,8,1,16,0.2,0.0010774590009532403,0.009656584003096214
225,8,1,1,0.4,0.0012876670007244684,0.0010235830013698433
226,8,1,2,0.4,0.0012876670007244684,0.0015518750005867332
227,8,1,4,0.4,0.0012876670007244684,0.002761249998002313
228,8,1,8,0.4,0.0012876670007244684,0.005106833999889204
229,8,1,16,0.4,0.0012876670007244684,0.009931458997016307
230,8,1,1,0.6,0.0035022500014747493,0.0011817080012406223
231,8,1,2,0.6,0.0035022500014747493,0.0020759170001838356
232,8,1,4,0.6,0.0035022500014747493,0.003600332998757949
233,8,1,8,0.6,0.0035022500014747493,0.006785292000131449
234,8,1,16,0.6,0.0035022500014747493,0.01334833299915772
235,8,1,1,0.8,0.0073711250006454065,0.0015405830017698463
236,8,1,2,0.8,0.0073711250006454065,0.002567666000686586
237,8,1,4,0.8,0.0073711250006454065,0.004575541999656707
238,8,1,8,0.8,0.0073711250006454065,0.008625709000625648
239,8,1,16,0.8,0.0073711250006454065,0.016946875002759043
240,8,2,1,0.2,0.0012862080002378207,0.000969832999544451
241,8,2,2,0.2,0.0012862080002378207,0.001538917000289075
242,8,2,4,0.2,0.0012862080002378207,0.002839082997525111
243,8,2,8,0.2,0.0012862080002378207,0.005097416000353405
244,8,2,16,0.2,0.0012862080002378207,0.009874832998320926
245,8,2,1,0.4,0.001746916001138743,0.0010424169995530974
246,8,2,2,0.4,0.001746916001138743,0.001668832999712322
247,8,2,4,0.4,0.001746916001138743,0.0029558749993157107
248,8,2,8,0.4,0.001746916001138743,0.005517958001291845
249,8,2,16,0.4,0.001746916001138743,0.010805792000610381
250,8,2,1,0.6,0.0034847079987230245,0.0011967499995080288
251,8,2,2,0.6,0.0034847079987230245,0.002033207998465514
252,8,2,4,0.6,0.0034847079987230245,0.003597582999645965
253,8,2,8,0.6,0.0034847079987230245,0.006827582998084836
254,8,2,16,0.6,0.0034847079987230245,0.013347042000532383
255,8,2,1,0.8,0.006386791999830166,0.0013858340025763027
256,8,2,2,0.8,0.006386791999830166,0.002401041998382425
257,8,2,4,0.8,0.006386791999830166,0.00437450000026729
258,8,2,8,0.8,0.006386791999830166,0.008240916999056935
259,8,2,16,0.8,0.006386791999830166,0.016163542000867892
260,8,3,1,0.2,0.00019366699780221097,0.0007402089977404103
261,8,3,2,0.2,0.00019366699780221097,0.0010806249993038364
262,8,3,4,0.2,0.00019366699780221097,0.0019318329977977555
263,8,3,8,0.2,0.00019366699780221097,0.0034059589997923467
264,8,3,16,0.2,0.00019366699780221097,0.006472666002082406
265,8,3,1,0.4,0.0024933749991760124,0.0010944159985228907
266,8,3,2,0.4,0.0024933749991760124,0.0018196669989265501
267,8,3,4,0.4,0.0024933749991760124,0.003295292000984773
268,8,3,8,0.4,0.0024933749991760124,0.006219750001037028
269,8,3,16,0.4,0.0024933749991760124,0.011907583000720479
270,8,3,1,0.6,0.003835208000964485,0.001200250000692904
271,8,3,2,0.6,0.003835208000964485,0.00208924999969895
272,8,3,4,0.6,0.003835208000964485,0.0036860410000372212
273,8,3,8,0.6,0.003835208000964485,0.007057082999381237
274,8,3,16,0.6,0.003835208000964485,0.013582958999904804
275,8,3,1,0.8,0.005021167002269067,0.0012921669986099005
276,8,3,2,0.8,0.005021167002269067,0.0022521249993587844
277,8,3,4,0.8,0.005021167002269067,0.004024707999633392
278,8,3,8,0.8,0.005021167002269067,0.0076365420027286746
279,8,3,16,0.8,0.005021167002269067,0.014784499999223044
280,8,4,1,0.2,0.0006040000007487833,0.0008505830010108184
281,8,4,2,0.2,0.0006040000007487833,0.0013073339978291187
282,8,4,4,0.2,0.0006040000007487833,0.00235883300047135
283,8,4,8,0.2,0.0006040000007487833,0.004265750001650304
284,8,4,16,0.2,0.0006040000007487833,0.008169790999090765
285,8,4,1,0.4,0.001736207999783801,0.0010092079974128865
286,8,4,2,0.4,0.001736207999783801,0.0016338339992216788
287,8,4,4,0.4,0.001736207999783801,0.0029609579978568945
288,8,4,8,0.4,0.001736207999783801,0.00552041699847905
289,8,4,16,0.4,0.001736207999783801,0.010742833001131658
290,8,4,1,0.6,0.0028287909990467597,0.001119874999858439
291,8,4,2,0.6,0.0028287909990467597,0.001850249998824438
292,8,4,4,0.6,0.0028287909990467597,0.003372582999872975
293,8,4,8,0.6,0.0028287909990467597,0.006346166999719571
294,8,4,16,0.6,0.0028287909990467597,0.012427707999449922
295,8,4,1,0.8,0.03319312500025262,0.0016387499999837019
296,8,4,2,0.8,0.03319312500025262,0.0024389999998675194
297,8,4,4,0.8,0.03319312500025262,0.004289000000426313
298,8,4,8,0.8,0.03319312500025262,0.008125915999698918
299,8,4,16,0.8,0.03319312500025262,0.016188334000617033
300,8,5,1,0.2,0.0009444999996048864,0.0009544579988869373
301,8,5,2,0.2,0.0009444999996048864,0.0014790830027777702
302,8,5,4,0.2,0.0009444999996048864,0.002592374999949243
303,8,5,8,0.2,0.0009444999996048864,0.004616582999005914
304,8,5,16,0.2,0.0009444999996048864,0.00905645799866761
305,8,5,1,0.4,0.0022382089991879184,0.0010784170008264482
306,8,5,2,0.4,0.0022382089991879184,0.001781999999366235
307,8,5,4,0.4,0.0022382089991879184,0.003158791001624195
308,8,5,8,0.4,0.0022382089991879184,0.005912499997066334
309,8,5,16,0.4,0.0022382089991879184,0.011571791997994296
310,8,5,1,0.6,0.003847832998872036,0.0012300829985179007
311,8,5,2,0.6,0.003847832998872036,0.002054667002084898
312,8,5,4,0.6,0.003847832998872036,0.0038260000001173466
313,8,5,8,0.6,0.003847832998872036,0.0068805830014753155
314,8,5,16,0.6,0.003847832998872036,0.013574874999903841
315,8,5,1,0.8,0.006031082997651538,0.001387541000440251
316,8,5,2,0.8,0.006031082997651538,0.002381624999543419
317,8,5,4,0.8,0.006031082997651538,0.004246583001076942
318,8,5,8,0.8,0.006031082997651538,0.008118707999528851
319,8,5,16,0.8,0.006031082997651538,0.015842792003240902
320,8,6,1,0.2,0.0009219589992426336,0.0009327090010629036
321,8,6,2,0.2,0.0009219589992426336,0.001460333998693386
322,8,6,4,0.2,0.0009219589992426336,0.0025791669977479614
323,8,6,8,0.2,0.0009219589992426336,0.00470912499804399
324,8,6,16,0.2,0.0009219589992426336,0.009032041998580098
325,8,6,1,0.4,0.0007632090018887538,0.0009328749983978923
326,8,6,2,0.4,0.0007632090018887538,0.0014265419995354023
327,8,6,4,0.4,0.0007632090018887538,0.0024637499991513323
328,8,6,8,0.4,0.0007632090018887538,0.004496249999647262
329,8,6,16,0.4,0.0007632090018887538,0.008666166999319103
330,8,6,1,0.6,0.0031688750023022294,0.0011672079999698326
331,8,6,2,0.6,0.0031688750023022294,0.0019516249994921964
332,8,6,4,0.6,0.0031688750023022294,0.003501416002109181
333,8,6,8,0.6,0.0031688750023022294,0.006614917001570575
334,8,6,16,0.6,0.0031688750023022294,0.01289770799849066
335,8,6,1,0.8,0.005930957999225939,0.0013828749979438726
336,8,6,2,0.8,0.005930957999225939,0.0023710409986961167
337,8,6,4,0.8,0.005930957999225939,0.00422900000194204
338,8,6,8,0.8,0.005930957999225939,0.008197208000638057
339,8,6,16,0.8,0.005930957999225939,0.015721915999165503
340,8,7,1,0.2,0.0004897500002698507,0.0008352499971806537
341,8,7,2,0.2,0.0004897500002698507,0.0012560420000227168
342,8,7,4,0.2,0.0004897500002698507,0.002281542001583148
343,8,7,8,0.2,0.0004897500002698507,0.004095708998647751
344,8,7,16,0.2,0.0004897500002698507,0.00785008299862966
345,8,7,1,0.4,0.0010922500005108304,0.0009467500021855813
346,8,7,2,0.4,0.0010922500005108304,0.001516500000434462
347,8,7,4,0.4,0.0010922500005108304,0.0026725000025180634
348,8,7,8,0.4,0.0010922500005108304,0.004956458000378916
349,8,7,16,0.4,0.0010922500005108304,0.009493166999163805
350,8,7,1,0.6,0.0022209580019989517,0.0011335000017425045
351,8,7,2,0.6,0.0022209580019989517,0.0017880830018839333
352,8,7,4,0.6,0.0022209580019989517,0.003184874996804865
353,8,7,8,0.6,0.0022209580019989517,0.005975000000034925
354,8,7,16,0.6,0.0022209580019989517,0.011560958999325521
355,8,7,1,0.8,0.006372625000949483,0.0014287919984781183
356,8,7,2,0.8,0.006372625000949483,0.0024339170013263356
357,8,7,4,0.8,0.006372625000949483,0.004410833000292769
358,8,7,8,0.8,0.006372625000949483,0.008243917000072543
359,8,7,16,0.8,0.006372625000949483,0.016202582999540027
360,8,8,1,0.2,0.0003796250020968728,0.0008156670010066591
361,8,8,2,0.2,0.0003796250020968728,0.0012022079972666688
362,8,8,4,0.2,0.0003796250020968728,0.0021580840002570767
363,8,8,8,0.2,0.0003796250020968728,0.0038907089983695187
364,8,8,16,0.2,0.0003796250020968728,0.007367040998360608
365,8,8,1,0.4,0.0022336250003718305,0.0011093329994764645
366,8,8,2,0.4,0.0022336250003718305,0.0017817080006352626
367,8,8,4,0.4,0.0022336250003718305,0.0032012499978009146
368,8,8,8,0.4,0.0022336250003718305,0.006048125000233995
369,8,8,16,0.4,0.0022336250003718305,0.011587707998842234
370,8,8,1,0.6,0.005058083999756491,0.0013329579996934626
371,8,8,2,0.6,0.005058083999756491,0.0022497499994642567
372,8,8,4,0.6,0.005058083999756491,0.004009083000710234
373,8,8,8,0.6,0.005058083999756491,0.007739709002635209
374,8,8,16,0.6,0.005058083999756491,0.014815624999755528
375,8,8,1,0.8,0.005053041000792291,0.00132474999918486
376,8,8,2,0.8,0.005053041000792291,0.002241041998786386
377,8,8,4,0.8,0.005053041000792291,0.004024499998195097
378,8,8,8,0.8,0.005053041000792291,0.007666042001801543
379,8,8,16,0.8,0.005053041000792291,0.014967667000746587
380,8,9,1,0.2,0.000607292000495363,0.0008684999993420206
381,8,9,2,0.2,0.000607292000495363,0.0013064169979770668
382,8,9,4,0.2,0.000607292000495363,0.0023615829995833337
383,8,9,8,0.2,0.000607292000495363,0.004273291000572499
384,8,9,16,0.2,0.000607292000495363,0.008267375000286847
385,8,9,1,0.4,0.0019713330002559815,0.001053832998877624
386,8,9,2,0.4,0.0019713330002559815,0.0017349160007142927
387,8,9,4,0.4,0.0019713330002559815,0.003072583000175655
388,8,9,8,0.4,0.0019713330002559815,0.005804167001770111
389,8,9,16,0.4,0.0019713330002559815,0.011158666999108391
390,8,9,1,0.6,0.0034985839993169066,0.0011879160010721534
391,8,9,2,0.6,0.0034985839993169066,0.0020436250015336554
392,8,9,4,0.6,0.0034985839993169066,0.0035632090002764016
393,8,9,8,0.6,0.0034985839993169066,0.006804249998822343
394,8,9,16,0.6,0.0034985839993169066,0.013251624997792533
395,8,9,1,0.8,0.005551082998863421,0.001345333999779541
396,8,9,2,0.8,0.005551082998863421,0.0023126250016503036
397,8,9,4,0.8,0.005551082998863421,0.004135209001105977
398,8,9,8,0.8,0.005551082998863421,0.007813375003024703
399,8,9,16,0.8,0.005551082998863421,0.01534900000115158
400,10,0,1,0.2,0.0016285000019706786,0.0011637499992502853
401,10,0,2,0.2,0.0016285000019706786,0.0019025420006073546
402,10,0,4,0.2,0.0016285000019706786,0.003294417001598049
403,10,0,8,0.2,0.0016285000019706786,0.006140749999758555
404,10,0,16,0.2,0.0016285000019706786,0.011959916999330744
405,10,0,1,0.4,0.0028222079999977723,0.0013164160009182524
406,10,0,2,0.4,0.0028222079999977723,0.0022012500012351666
407,10,0,4,0.4,0.0028222079999977723,0.003877499999362044
408,10,0,8,0.4,0.0028222079999977723,0.007400416001473786
409,10,0,16,0.4,0.0028222079999977723,0.01423024999894551
410,10,0,1,0.6,0.008424292002018774,0.0016832500004966278
411,10,0,2,0.6,0.008424292002018774,0.0028812919990741648
412,10,0,4,0.6,0.008424292002018774,0.005282583999360213
413,10,0,8,0.6,0.008424292002018774,0.010186208997765789
414,10,0,16,0.6,0.008424292002018774,0.02002225000251201
415,10,0,1,0.8,0.010132334002264543,0.0017345000014756806
416,10,0,2,0.8,0.010132334002264543,0.003046458998142043
417,10,0,4,0.8,0.010132334002264543,0.005570875000557862
418,10,0,8,0.8,0.010132334002264543,0.01080391600044095
419,10,0,16,0.8,0.010132334002264543,0.021203415999480058
420,10,1,1,0.2,0.0007645000005140901,0.0010239170005661435
421,10,1,2,0.2,0.0007645000005140901,0.0016254580004897434
422,10,1,4,0.2,0.0007645000005140901,0.0028828329996031243
423,10,1,8,0.2,0.0007645000005140901,0.005402833998232381
424,10,1,16,0.2,0.0007645000005140901,0.010283291998348432
425,10,1,1,0.4,0.004634707998775411,0.0014322919996629935
426,10,1,2,0.4,0.004634707998775411,0.002454417000990361
427,10,1,4,0.4,0.004634707998775411,0.004418833999807248
428,10,1,8,0.4,0.004634707998775411,0.008467667001241352
429,10,1,16,0.4,0.004634707998775411,0.016406624999945052
430,10,1,1,0.6,0.012062459001754178,0.0018541659992479254
431,10,1,2,0.6,0.012062459001754178,0.0032290000017383136
432,10,1,4,0.6,0.012062459001754178,0.005963332998362603
433,10,1,8,0.6,0.012062459001754178,0.011420874998293584
434,10,1,16,0.6,0.012062459001754178,0.049074540998844896
435,10,1,1,0.8,0.014101458000368439,0.0020652499988500495
436,10,1,2,0.8,0.014101458000368439,0.003414750000956701
437,10,1,4,0.8,0.014101458000368439,0.006343582997942576
438,10,1,8,0.8,0.014101458000368439,0.012109208997571841
439,10,1,16,0.8,0.014101458000368439,0.023878665997472126
440,10,2,1,0.2,0.001119833999837283,0.0011006670029019006
441,10,2,2,0.2,0.001119833999837283,0.0017805419993237592
442,10,2,4,0.2,0.001119833999837283,0.0032420409988844767
443,10,2,8,0.2,0.001119833999837283,0.005862833000719547
444,10,2,16,0.2,0.001119833999837283,0.01132391600185656
445,10,2,1,0.4,0.004658917001506779,0.0014543329998559784
446,10,2,2,0.4,0.004658917001506779,0.0024734159997024108
447,10,2,4,0.4,0.004658917001506779,0.004457833001652034
448,10,2,8,0.4,0.004658917001506779,0.008434166000370169
449,10,2,16,0.4,0.004658917001506779,0.016449417002149858
450,10,2,1,0.6,0.007399292000627611,0.0016634999992675148
451,10,2,2,0.6,0.007399292000627611,0.0027790839994850103
452,10,2,4,0.6,0.007399292000627611,0.005049416999099776
453,10,2,8,0.6,0.007399292000627611,0.009748917000251822
454,10,2,16,0.6,0.007399292000627611,0.019200457998522324
455,10,2,1,0.8,0.01395691700236057,0.0019262919995526318
456,10,2,2,0.8,0.01395691700236057,0.0033718749982654117
457,10,2,4,0.8,0.01395691700236057,0.006287832999078091
458,10,2,8,0.8,0.01395691700236057,0.0122272080006951
459,10,2,16,0.8,0.01395691700236057,0.023955082997417776
460,10,3,1,0.2,0.0015234170023177285,0.0011516669983393513
461,10,3,2,0.2,0.0015234170023177285,0.0018670839999685995
462,10,3,4,0.2,0.0015234170023177285,0.0033330840014969
463,10,3,8,0.2,0.0015234170023177285,0.006233957999938866
464,10,3,16,0.2,0.0015234170023177285,0.012143209001806099
465,10,3,1,0.4,0.003968707998865284,0.0015742499999760184
466,10,3,2,0.4,0.003968707998865284,0.002446833001158666
467,10,3,4,0.4,0.003968707998865284,0.004213958000036655
468,10,3,8,0.4,0.003968707998865284,0.007990666999830864
469,10,3,16,0.4,0.003968707998865284,0.015615750002325512
470,10,3,1,0.6,0.00689379200048279,0.001604583998414455
471,10,3,2,0.6,0.00689379200048279,0.002743334000115283
472,10,3,4,0.6,0.00689379200048279,0.00499070799924084
473,10,3,8,0.6,0.00689379200048279,0.009492375000263564
474,10,3,16,0.6,0.00689379200048279,0.0186978329984413
475,10,3,1,0.8,0.010625458999129478,0.0017791249993024394
476,10,3,2,0.8,0.010625458999129478,0.003123874997982057
477,10,3,4,0.8,0.010625458999129478,0.0056808749977790285
478,10,3,8,0.8,0.010625458999129478,0.01099995899858186
479,10,3,16,0.8,0.010625458999129478,0.021756916998128872
480,10,4,1,0.2,0.0013050000015937258,0.0011299170000711456
481,10,4,2,0.2,0.0013050000015937258,0.0018117920008080546
482,10,4,4,0.2,0.0013050000015937258,0.0032299579979735427
483,10,4,8,0.2,0.0013050000015937258,0.006047499999112915
484,10,4,16,0.2,0.0013050000015937258,0.011731792001228314
485,10,4,1,0.4,0.003152958997816313,0.001375416999508161
486,10,4,2,0.4,0.003152958997816313,0.0022687499986204784
487,10,4,4,0.4,0.003152958997816313,0.003956417000154033
488,10,4,8,0.4,0.003152958997816313,0.0075610840031004045
489,10,4,16,0.4,0.003152958997816313,0.014758291999896755
490,10,4,1,0.6,0.006882749999931548,0.0015810000004421454
491,10,4,2,0.6,0.006882749999931548,0.002732791002927115
492,10,4,4,0.6,0.006882749999931548,0.004988874999980908
493,10,4,8,0.6,0.006882749999931548,0.009467457999562612
494,10,4,16,0.6,0.006882749999931548,0.01866066600268823
495,10,4,1,0.8,0.013246041002275888,0.0019121249970339704
496,10,4,2,0.8,0.013246041002275888,0.003325499998027226
497,10,4,4,0.8,0.013246041002275888,0.0062010000001464505
498,10,4,8,0.8,0.013246041002275888,0.01186608300122316
499,10,4,16,0.8,0.013246041002275888,0.023489374998462154
500,10,5,1,0.2,0.0012930000011692755,0.0011209159965801518
501,10,5,2,0.2,0.0012930000011692755,0.001814708000893006
502,10,5,4,0.2,0.0012930000011692755,0.003207750000001397
503,10,5,8,0.2,0.0012930000011692755,0.006054666002455633
504,10,5,16,0.2,0.0012930000011692755,0.03846370800238219
505,10,5,1,0.4,0.004367375000583706,0.001552041998365894
506,10,5,2,0.4,0.004367375000583706,0.002434292000543792
507,10,5,4,0.4,0.004367375000583706,0.004326250000303844
508,10,5,8,0.4,0.004367375000583706,0.008172666999598732
509,10,5,16,0.4,0.004367375000583706,0.01601341700006742
510,10,5,1,0.6,0.006883082998683676,0.0015851669995754492
511,10,5,2,0.6,0.006883082998683676,0.0027369169984012842
512,10,5,4,0.6,0.006883082998683676,0.004949207999743521
513,10,5,8,0.6,0.006883082998683676,0.00956991600105539
514,10,5,16,0.6,0.006883082998683676,0.0185757500003092
515,10,5,1,0.8,0.014919875000487082,0.001958166998520028
516,10,5,2,0.8,0.014919875000487082,0.003442583001742605
517,10,5,4,0.8,0.014919875000487082,0.006363333999615861
518,10,5,8,0.8,0.014919875000487082,0.012279499998840038
519,10,5,16,0.8,0.014919875000487082,0.024221915999078192
520,10,6,1,0.2,0.002238499997474719,0.001252708003448788
521,10,6,2,0.2,0.002238499997474719,0.002041916002781363
522,10,6,4,0.2,0.002238499997474719,0.0036617080004361924
523,10,6,8,0.2,0.002238499997474719,0.006917374998010928
524,10,6,16,0.2,0.002238499997474719,0.013356416999158682
525,10,6,1,0.4,0.0038572079974983353,0.0013707079997402616
526,10,6,2,0.4,0.0038572079974983353,0.0023593330006406177
527,10,6,4,0.4,0.0038572079974983353,0.004196999998384854
528,10,6,8,0.4,0.0038572079974983353,0.008004999999684514
529,10,6,16,0.4,0.0038572079974983353,0.015499708002607804
530,10,6,1,0.6,0.009563332998368423,0.001747375001286855
531,10,6,2,0.6,0.009563332998368423,0.0029886250013078097
532,10,6,4,0.6,0.009563332998368423,0.005498292000993388
533,10,6,8,0.6,0.009563332998368423,0.010540291001234436
534,10,6,16,0.6,0.009563332998368423,0.020794583000679268
535,10,6,1,0.8,0.01401162500042119,0.0019275830018159468
536,10,6,2,0.8,0.01401162500042119,0.003362708997883601
537,10,6,4,0.8,0.01401162500042119,0.006279417000769172
538,10,6,8,0.8,0.01401162500042119,0.012146041000960395
539,10,6,16,0.8,0.01401162500042119,0.02382029200089164
540,10,7,1,0.2,0.0017778330002329312,0.00118408300113515
541,10,7,2,0.2,0.0017778330002329312,0.0018992500008607749
542,10,7,4,0.2,0.0017778330002329312,0.003421958001126768
543,10,7,8,0.2,0.0017778330002329312,0.006429332999687176
544,10,7,16,0.2,0.0017778330002329312,0.01256808400285081
545,10,7,1,0.4,0.0034982090000994503,0.001353457999357488
546,10,7,2,0.4,0.0034982090000994503,0.002317875001608627
547,10,7,4,0.4,0.0034982090000994503,0.004138833002798492
548,10,7,8,0.4,0.0034982090000994503,0.007755792001262307
549,10,7,16,0.4,0.0034982090000994503,0.015135583002120256
550,10,7,1,0.6,0.007832333001715597,0.0016439999999420252
551,10,7,2,0.6,0.007832333001715597,0.0028271250012039673
552,10,7,4,0.6,0.007832333001715597,0.0051574999997683335
553,10,7,8,0.6,0.007832333001715597,0.01004925000233925
554,10,7,16,0.6,0.007832333001715597,0.019600832998548867
555,10,7,1,0.8,0.014718916998390341,0.0019258339998486917
556,10,7,2,0.8,0.014718916998390341,0.003413875001569977
557,10,7,4,0.8,0.014718916998390341,0.0063375000027008355
558,10,7,8,0.8,0.014718916998390341,0.01234262499929173
559,10,7,16,0.8,0.014718916998390341,0.024084959000902018
560,10,8,1,0.2,0.001503457999206148,0.0011569590024009813
561,10,8,2,0.2,0.001503457999206148,0.0018618340000102762
562,10,8,4,0.2,0.001503457999206148,0.003310208001494175
563,10,8,8,0.2,0.001503457999206148,0.006195875001139939
564,10,8,16,0.2,0.001503457999206148,0.012086624999938067
565,10,8,1,0.4,0.005952292001893511,0.001511959002527874
566,10,8,2,0.4,0.005952292001893511,0.0026064579978992697
567,10,8,4,0.4,0.005952292001893511,0.004769374998431886
568,10,8,8,0.4,0.005952292001893511,0.00904183400052716
569,10,8,16,0.4,0.005952292001893511,0.017773916999431094
570,10,8,1,0.6,0.005489082999702077,0.0015046250009618234
571,10,8,2,0.6,0.005489082999702077,0.002572082998085534
572,10,8,4,0.6,0.005489082999702077,0.004627207999874372
573,10,8,8,0.6,0.005489082999702077,0.008826166998915141
574,10,8,16,0.6,0.005489082999702077,0.017317833000561222
575,10,8,1,0.8,0.010790291999001056,0.001783250001608394
576,10,8,2,0.8,0.010790291999001056,0.0030977919996075798
577,10,8,4,0.8,0.010790291999001056,0.005673457999364473
578,10,8,8,0.8,0.010790291999001056,0.011007042001438094
579,10,8,16,0.8,0.010790291999001056,0.021696959000109928
580,10,9,1,0.2,0.0010946250004053582,0.001080874997569481
581,10,9,2,0.2,0.0010946250004053582,0.0017407909981557168
582,10,9,4,0.2,0.0010946250004053582,0.003101125003013294
583,10,9,8,0.2,0.0010946250004053582,0.005727499999920838
584,10,9,16,0.2,0.0010946250004053582,0.01112499999726424
585,10,9,1,0.4,0.0038418750009441283,0.0013460420013871044
586,10,9,2,0.4,0.0038418750009441283,0.0023004590002528857
587,10,9,4,0.4,0.0038418750009441283,0.004239707999659004
588,10,9,8,0.4,0.0038418750009441283,0.008141708000039216
589,10,9,16,0.4,0.0038418750009441283,0.01586233299894957
590,10,9,1,0.6,0.005933541000558762,0.001553792000777321
591,10,9,2,0.6,0.005933541000558762,0.0027044999987992924
592,10,9,4,0.6,0.005933541000558762,0.004786666999279987
593,10,9,8,0.6,0.005933541000558762,0.009039999997185078
594,10,9,16,0.6,0.005933541000558762,0.044160082998132566
595,10,9,1,0.8,0.014221249999536667,0.0020656669985328335
596,10,9,2,0.8,0.014221249999536667,0.0033867909987748135
597,10,9,4,0.8,0.014221249999536667,0.0063154579984257
598,10,9,8,0.8,0.014221249999536667,0.012074583002686268
599,10,9,16,0.8,0.014221249999536667,0.0237958340003388
600,12,0,1,0.2,0.002860500000679167,0.0016133330027514603
601,12,0,2,0.2,0.002860500000679167,0.002770125000097323
602,12,0,4,0.2,0.002860500000679167,0.00487904100009473
603,12,0,8,0.2,0.002860500000679167,0.009317165997345
604,12,0,16,0.2,0.002860500000679167,0.018062291001115227
605,12,0,1,0.4,0.005565625000599539,0.0018180000006395858
606,12,0,2,0.4,0.005565625000599539,0.0031537089998892043
607,12,0,4,0.4,0.005565625000599539,0.005731125002057524
608,12,0,8,0.4,0.005565625000599539,0.011044874998333398
609,12,0,16,0.4,0.005565625000599539,0.021731459000875475
610,12,0,1,0.6,0.017746458001056453,0.002560834000178147
611,12,0,2,0.6,0.017746458001056453,0.004461791999347042
612,12,0,4,0.6,0.017746458001056453,0.008363583001482766
613,12,0,8,0.6,0.017746458001056453,0.016174749998754123
614,12,0,16,0.6,0.017746458001056453,0.031747624998388346
615,12,0,1,0.8,0.0350751659971138,0.003188499998941552
616,12,0,2,0.8,0.0350751659971138,0.005502374999196036
617,12,0,4,0.8,0.0350751659971138,0.010571500002697576
618,12,0,8,0.8,0.0350751659971138,0.02090462499836576
619,12,0,16,0.8,0.0350751659971138,0.04162674999679439
620,12,1,1,0.2,0.0022865419996378478,0.0015477500019187573
621,12,1,2,0.2,0.0022865419996378478,0.0025916669983416796
622,12,1,4,0.2,0.0022865419996378478,0.004628916998626664
623,12,1,8,0.2,0.0022865419996378478,0.008738166998227825
624,12,1,16,0.2,0.0022865419996378478,0.017314542001258815
625,12,1,1,0.4,0.009050708998984192,0.00211654200029443
626,12,1,2,0.4,0.009050708998984192,0.003638417001639027
627,12,1,4,0.4,0.009050708998984192,0.006632584001636133
628,12,1,8,0.4,0.009050708998984192,0.012873165997007163
629,12,1,16,0.4,0.009050708998984192,0.02522566599873244
630,12,1,1,0.6,0.019515707997925347,0.002601208001578925
631,12,1,2,0.6,0.019515707997925347,0.004504332999204053
632,12,1,4,0.6,0.019515707997925347,0.008545832999516279
633,12,1,8,0.6,0.019515707997925347,0.016690541997377295
634,12,1,16,0.6,0.019515707997925347,0.03295254100157763
635,12,1,1,0.8,0.02769787500074017,0.0029210409993538633
636,12,1,2,0.8,0.02769787500074017,0.005092041999887442
637,12,1,4,0.8,0.02769787500074017,0.009819292001338908
638,12,1,8,0.8,0.02769787500074017,0.01897579100113944
639,12,1,16,0.8,0.02769787500074017,0.06462849999661557
640,12,2,1,0.2,0.0018469579990778584,0.001627000001462875
641,12,2,2,0.2,0.0018469579990778584,0.002477792000718182
642,12,2,4,0.2,0.0018469579990778584,0.004325292000430636
643,12,2,8,0.2,0.0018469579990778584,0.008265374999609776
644,12,2,16,0.2,0.0018469579990778584,0.01607329199759988
645,12,2,1,0.4,0.007440291999955662,0.0019446250007604249
646,12,2,2,0.4,0.007440291999955662,0.003404957999009639
647,12,2,4,0.4,0.007440291999955662,0.00626962499882211
648,12,2,8,0.4,0.007440291999955662,0.012175333002232946
649,12,2,16,0.4,0.007440291999955662,0.023908332997962134
650,12,2,1,0.6,0.013298375000886153,0.0022679169996990822
651,12,2,2,0.6,0.013298375000886153,0.004042083000967978
652,12,2,4,0.6,0.013298375000886153,0.007551041999249719
653,12,2,8,0.6,0.013298375000886153,0.014619374996982515
654,12,2,16,0.6,0.013298375000886153,0.028744625000399537
655,12,2,1,0.8,0.029775625000183936,0.0029797500028507784
656,12,2,2,0.8,0.029775625000183936,0.005231209001067327
657,12,2,4,0.8,0.029775625000183936,0.009970915998565033
658,12,2,8,0.8,0.029775625000183936,0.019606333000410814
659,12,2,16,0.8,0.029775625000183936,0.03882079100003466
660,12,3,1,0.2,0.002528958000766579,0.0015657920012017712
661,12,3,2,0.2,0.002528958000766579,0.0026420829999551643
662,12,3,4,0.2,0.002528958000766579,0.0047212500030582305
663,12,3,8,0.2,0.002528958000766579,0.009039415999723133
664,12,3,16,0.2,0.002528958000766579,0.017651291000220226
665,12,3,1,0.4,0.007857208998757415,0.0019637500008684583
666,12,3,2,0.4,0.007857208998757415,0.003464208999503171
667,12,3,4,0.4,0.007857208998757415,0.006371250001393491
668,12,3,8,0.4,0.007857208998757415,0.012551040999824181
669,12,3,16,0.4,0.007857208998757415,0.02412920899951132
670,12,3,1,0.6,0.014063582999369828,0.0023540000001958106
671,12,3,2,0.6,0.014063582999369828,0.004099541001778562
672,12,3,4,0.6,0.014063582999369828,0.007668624999496387
673,12,3,8,0.6,0.014063582999369828,0.014846207999653416
674,12,3,16,0.6,0.014063582999369828,0.029391584001132287
675,12,3,1,0.8,0.02487654200012912,0.0028406249984982423
676,12,3,2,0.8,0.02487654200012912,0.004936834000545787
677,12,3,4,0.8,0.02487654200012912,0.009325499999249587
678,12,3,8,0.8,0.02487654200012912,0.018234541999845533
679,12,3,16,0.8,0.02487654200012912,0.035900542003219016
680,12,4,1,0.2,0.0028746669995598495,0.0016145839981618337
681,12,4,2,0.2,0.0028746669995598495,0.002707750001718523
682,12,4,4,0.2,0.0028746669995598495,0.0048497500029043294
683,12,4,8,0.2,0.0028746669995598495,0.009403375002875691
684,12,4,16,0.2,0.0028746669995598495,0.01805025000066962
685,12,4,1,0.4,0.005941999999777181,0.001861000000644708
686,12,4,2,0.4,0.005941999999777181,0.0032060830017144326
687,12,4,4,0.4,0.005941999999777181,0.005897625000216067
688,12,4,8,0.4,0.005941999999777181,0.011343332997057587
689,12,4,16,0.4,0.005941999999777181,0.022256042000663
690,12,4,1,0.6,0.019460666000668425,0.002635917000588961
691,12,4,2,0.6,0.019460666000668425,0.004531457998382393
692,12,4,4,0.6,0.019460666000668425,0.008572999999159947
693,12,4,8,0.6,0.019460666000668425,0.04357875000278
694,12,4,16,0.6,0.019460666000668425,0.03298595899832435
695,12,4,1,0.8,0.025785958001506515,0.002958124998258427
696,12,4,2,0.8,0.025785958001506515,0.0049875830009114
697,12,4,4,0.8,0.025785958001506515,0.009450082998228027
698,12,4,8,0.8,0.025785958001506515,0.01854629199806368
699,12,4,16,0.8,0.025785958001506515,0.036540666998917004
700,12,5,1,0.2,0.0025358749990118667,0.0015705000005254988
701,12,5,2,0.2,0.0025358749990118667,0.002658291999978246
702,12,5,4,0.2,0.0025358749990118667,0.004727083000034327
703,12,5,8,0.2,0.0025358749990118667,0.009150541001872625
704,12,5,16,0.2,0.0025358749990118667,0.017578082999534672
705,12,5,1,0.4,0.007390541999484412,0.001989000000321539
706,12,5,2,0.4,0.007390541999484412,0.0034001670028374065
707,12,5,4,0.4,0.007390541999484412,0.006347209000523435
708,12,5,8,0.4,0.007390541999484412,0.012051999998220708
709,12,5,16,0.4,0.007390541999484412,0.023764375000610016
710,12,5,1,0.6,0.014729875001648907,0.002353333002247382
711,12,5,2,0.6,0.014729875001648907,0.00414841699966928
712,12,5,4,0.6,0.014729875001648907,0.007821167000656715
713,12,5,8,0.6,0.014729875001648907,0.015206625001155771
714,12,5,16,0.6,0.014729875001648907,0.029870417001802707
715,12,5,1,0.8,0.027639333999104565,0.0028962090000277385
716,12,5,2,0.8,0.027639333999104565,0.005111417001899099
717,12,5,4,0.8,0.027639333999104565,0.009806082998693455
718,12,5,8,0.8,0.027639333999104565,0.018965291998028988
719,12,5,16,0.8,0.027639333999104565,0.03757683300136705
720,12,6,1,0.2,0.0031876670000201557,0.0016574589972151443
721,12,6,2,0.2,0.0031876670000201557,0.0027677079997374676
722,12,6,4,0.2,0.0031876670000201557,0.004990999997971812
723,12,6,8,0.2,0.0031876670000201557,0.009614124999643536
724,12,6,16,0.2,0.0031876670000201557,0.01856608399975812
725,12,6,1,0.4,0.0069080419998499565,0.0018922079980256967
726,12,6,2,0.4,0.0069080419998499565,0.003321333002531901
727,12,6,4,0.4,0.0069080419998499565,0.006175583999720402
728,12,6,8,0.4,0.0069080419998499565,0.011799624997365754
729,12,6,16,0.4,0.0069080419998499565,0.023296457999094855
730,12,6,1,0.6,0.014759583998966264,0.0023311660006584134
731,12,6,2,0.6,0.014759583998966264,0.004164833000686485
732,12,6,4,0.6,0.014759583998966264,0.007865542000217829
733,12,6,8,0.6,0.014759583998966264,0.015268791001290083
734,12,6,16,0.6,0.014759583998966264,0.056789292000757996
735,12,6,1,0.8,0.027747166001063306,0.0030506250004691537
736,12,6,2,0.8,0.027747166001063306,0.0051197499997215346
737,12,6,4,0.8,0.027747166001063306,0.009784708003280684
738,12,6,8,0.8,0.027747166001063306,0.018982459001563257
739,12,6,16,0.8,0.027747166001063306,0.0376046250021318
740,12,7,1,0.2,0.0042568749995552935,0.0017488339981355239
741,12,7,2,0.2,0.0042568749995552935,0.0029617500003951136
742,12,7,4,0.2,0.0042568749995552935,0.005382457999075996
743,12,7,8,0.2,0.0042568749995552935,0.010372207998443628
744,12,7,16,0.2,0.0042568749995552935,0.02014200000121491
745,12,7,1,0.4,0.01200158299980103,0.002215500000602333
746,12,7,2,0.4,0.01200158299980103,0.0039199160019052215
747,12,7,4,0.4,0.01200158299980103,0.0073123749971273355
748,12,7,8,0.4,0.01200158299980103,0.014099791998887667
749,12,7,16,0.4,0.01200158299980103,0.02771408300031908
750,12,7,1,0.6,0.01140629200017429,0.0021864160007680766
751,12,7,2,0.6,0.01140629200017429,0.003856709001411218
752,12,7,4,0.6,0.01140629200017429,0.007207292001112364
753,12,7,8,0.6,0.01140629200017429,0.0138867499990738
754,12,7,16,0.6,0.01140629200017429,0.027425874999607913
755,12,7,1,0.8,0.022077749999880325,0.0026962080009980127
756,12,7,2,0.8,0.022077749999880325,0.0047258749982574955
757,12,7,4,0.8,0.022077749999880325,0.0089542089990573
758,12,7,8,0.8,0.022077749999880325,0.017326958000921877
759,12,7,16,0.8,0.022077749999880325,0.03464749999693595
760,12,8,1,0.2,0.0031667499970353674,0.0016614160012977663
761,12,8,2,0.2,0.0031667499970353674,0.0027727080014301464
762,12,8,4,0.2,0.0031667499970353674,0.004988000000594184
763,12,8,8,0.2,0.0031667499970353674,0.009538207999867154
764,12,8,16,0.2,0.0031667499970353674,0.018684167000174057
765,12,8,1,0.4,0.0050820420001400635,0.0017906670000229497
766,12,8,2,0.4,0.0050820420001400635,0.0030795000020589214
767,12,8,4,0.4,0.0050820420001400635,0.005632000000332482
768,12,8,8,0.4,0.0050820420001400635,0.010924291997071123
769,12,8,16,0.4,0.0050820420001400635,0.02135462500154972
770,12,8,1,0.6,0.014124540997727308,0.0023154999980761204
771,12,8,2,0.6,0.014124540997727308,0.0040854170001694
772,12,8,4,0.6,0.014124540997727308,0.007703750001383014
773,12,8,8,0.6,0.014124540997727308,0.014831084001343697
774,12,8,16,0.6,0.014124540997727308,0.029306332999112783
775,12,8,1,0.8,0.02870466699823737,0.002926500001194654
776,12,8,2,0.8,0.02870466699823737,0.005135750001500128
777,12,8,4,0.8,0.02870466699823737,0.009850166999967769
778,12,8,8,0.8,0.02870466699823737,0.019348584002727875
779,12,8,16,0.8,0.02870466699823737,0.03817154100033804
780,12,9,1,0.2,0.003521332997479476,0.0016677079984219745
781,12,9,2,0.2,0.003521332997479476,0.0028374579997034743
782,12,9,4,0.2,0.003521332997479476,0.0051120419993822
783,12,9,8,0.2,0.003521332997479476,0.009819582999625709
784,12,9,16,0.2,0.003521332997479476,0.019214665997424163
785,12,9,1,0.4,0.0022695829975418746,0.0015087079991644714
786,12,9,2,0.4,0.0022695829975418746,0.002590042000520043
787,12,9,4,0.4,0.0022695829975418746,0.004639292001229478
788,12,9,8,0.4,0.0022695829975418746,0.008733000002393965
789,12,9,16,0.4,0.0022695829975418746,0.04357420800079126
790,12,9,1,0.6,0.01791820799917332,0.0026883329992415383
791,12,9,2,0.6,0.01791820799917332,0.004397041000629542
792,12,9,4,0.6,0.01791820799917332,0.008348833998752525
793,12,9,8,0.6,0.01791820799917332,0.016105292001157068
794,12,9,16,0.6,0.01791820799917332,0.031702458996733185
795,12,9,1,0.8,0.02677416699953028,0.002893374999985099
796,12,9,2,0.8,0.02677416699953028,0.005046916998253437
797,12,9,4,0.8,0.02677416699953028,0.009574708001309773
798,12,9,8,0.8,0.02677416699953028,0.018834833997971145
799,12,9,16,0.8,0.02677416699953028,0.03698712499681278
800,14,0,1,0.2,0.0025560829999449197,0.0025516659989079926
801,14,0,2,0.2,0.0025560829999449197,0.004252624999935506
802,14,0,4,0.2,0.0025560829999449197,0.008061874999839347
803,14,0,8,0.2,0.0025560829999449197,0.015306666999094887
804,14,0,16,0.2,0.0025560829999449197,0.03014262500073528
805,14,0,1,0.4,0.014963958001317224,0.0037749170005554333
806,14,0,2,0.4,0.014963958001317224,0.006683042000076966
807,14,0,4,0.4,0.014963958001317224,0.012724374999379506
808,14,0,8,0.4,0.014963958001317224,0.02514829099891358
809,14,0,16,0.4,0.014963958001317224,0.049221917000977555
810,14,0,1,0.6,0.026674124997953186,0.00446383300004527
811,14,0,2,0.6,0.026674124997953186,0.008141916001477512
812,14,0,4,0.6,0.026674124997953186,0.015594915999827208
813,14,0,8,0.6,0.026674124997953186,0.030520708998665214
814,14,0,16,0.6,0.026674124997953186,0.060792207998019876
815,14,0,1,0.8,0.06412258400087012,0.006025999999110354
816,14,0,2,0.8,0.06412258400087012,0.011018875000445405
817,14,0,4,0.8,0.06412258400087012,0.021601042000838788
818,14,0,8,0.8,0.06412258400087012,0.042904458998236805
819,14,0,16,0.8,0.06412258400087012,0.11196537500291015
820,14,1,1,0.2,0.004797124998731306,0.003017415998328943
821,14,1,2,0.2,0.004797124998731306,0.004872915997111704
822,14,1,4,0.2,0.004797124998731306,0.009194834001391428
823,14,1,8,0.2,0.004797124998731306,0.017729290997522185
824,14,1,16,0.2,0.004797124998731306,0.03507225000066683
825,14,1,1,0.4,0.019520874997397186,0.004058875001646811
826,14,1,2,0.4,0.019520874997397186,0.007391457998892292
827,14,1,4,0.4,0.019520874997397186,0.013881000002584187
828,14,1,8,0.4,0.019520874997397186,0.027372792003006907
829,14,1,16,0.4,0.019520874997397186,0.054138082999998005
830,14,1,1,0.6,0.02871512500132667,0.0045604590013681445
831,14,1,2,0.6,0.02871512500132667,0.008275166997918859
832,14,1,4,0.6,0.02871512500132667,0.016003374999854714
833,14,1,8,0.6,0.02871512500132667,0.03132658300091862
834,14,1,16,0.6,0.02871512500132667,0.062328208001417806
835,14,1,1,0.8,0.0451264999974228,0.005281416000798345
836,14,1,2,0.8,0.0451264999974228,0.009665249999670777
837,14,1,4,0.8,0.0451264999974228,0.01881941600004211
838,14,1,8,0.8,0.0451264999974228,0.037133000001631444
839,14,1,16,0.8,0.0451264999974228,0.07349824999982957
840,14,2,1,0.2,0.002028082999459002,0.0024240000020654406
841,14,2,2,0.2,0.002028082999459002,0.00410445899979095
842,14,2,4,0.2,0.002028082999459002,0.007555042000603862
843,14,2,8,0.2,0.002028082999459002,0.014528125000651926
844,14,2,16,0.2,0.002028082999459002,0.028689624999969965
845,14,2,1,0.4,0.015575457997329067,0.0038050000002840534
846,14,2,2,0.4,0.015575457997329067,0.006773999997676583
847,14,2,4,0.4,0.015575457997329067,0.012915374998556217
848,14,2,8,0.4,0.015575457997329067,0.025429875000554603
849,14,2,16,0.4,0.015575457997329067,0.050100541000574594
850,14,2,1,0.6,0.02394570899923565,0.0043134160005138256
851,14,2,2,0.6,0.02394570899923565,0.0077385830009006895
852,14,2,4,0.6,0.02394570899923565,0.01498041699960595
853,14,2,8,0.6,0.02394570899923565,0.029261791001772508
854,14,2,16,0.6,0.02394570899923565,0.08566162500210339
855,14,2,1,0.8,0.04656424999848241,0.0055119169992394745
856,14,2,2,0.8,0.04656424999848241,0.009794999998121057
857,14,2,4,0.8,0.04656424999848241,0.01902166700165253
858,14,2,8,0.8,0.04656424999848241,0.0375735830020858
859,14,2,16,0.8,0.04656424999848241,0.07397245800166274
860,14,3,1,0.2,0.0035439579987723846,0.0027592079968599137
861,14,3,2,0.2,0.0035439579987723846,0.004705957999249222
862,14,3,4,0.2,0.0035439579987723846,0.008608457999798702
863,14,3,8,0.2,0.0035439579987723846,0.016661584002577
864,14,3,16,0.2,0.0035439579987723846,0.03266116699887789
865,14,3,1,0.4,0.01026845800151932,0.0033796669995354023
866,14,3,2,0.4,0.01026845800151932,0.005951457998889964
867,14,3,4,0.4,0.01026845800151932,0.0112316250015283
868,14,3,8,0.4,0.01026845800151932,0.022244000003411202
869,14,3,16,0.4,0.01026845800151932,0.04375891599920578
870,14,3,1,0.6,0.029774582999380073,0.004633249998732936
871,14,3,2,0.6,0.029774582999380073,0.008383333999518072
872,14,3,4,0.6,0.029774582999380073,0.01618458300072234
873,14,3,8,0.6,0.029774582999380073,0.03173729199988884
874,14,3,16,0.6,0.029774582999380073,0.0630732080026064
875,14,3,1,0.8,0.04855679100000998,0.0055918750003911555
876,14,3,2,0.8,0.04855679100000998,0.010114458000316517
877,14,3,4,0.8,0.04855679100000998,0.019523708000633633
878,14,3,8,0.8,0.04855679100000998,0.038377541997761
879,14,3,16,0.8,0.04855679100000998,0.07621254100013175
880,14,4,1,0.2,0.0032112080007209443,0.0026568749999569263
881,14,4,2,0.2,0.0032112080007209443,0.00456595799914794
882,14,4,4,0.2,0.0032112080007209443,0.008363459000975126
883,14,4,8,0.2,0.0032112080007209443,0.016129666997585446
884,14,4,16,0.2,0.0032112080007209443,0.031876083001407096
885,14,4,1,0.4,0.014199625002220273,0.003641667000920279
886,14,4,2,0.4,0.014199625002220273,0.0065594580009928904
887,14,4,4,0.4,0.014199625002220273,0.012582583000039449
888,14,4,8,0.4,0.014199625002220273,0.05125266699906206
889,14,4,16,0.4,0.014199625002220273,0.04876983299982385
890,14,4,1,0.6,0.02755066700046882,0.004626375000952976
891,14,4,2,0.6,0.02755066700046882,0.008220458999858238
892,14,4,4,0.6,0.02755066700046882,0.01583270899936906
893,14,4,8,0.6,0.02755066700046882,0.031150792001426453
894,14,4,16,0.6,0.02755066700046882,0.061542707997432444
895,14,4,1,0.8,0.05571783300183597,0.005670124999596737
896,14,4,2,0.8,0.05571783300183597,0.010464832997968188
897,14,4,4,0.8,0.05571783300183597,0.020405416002176935
898,14,4,8,0.8,0.05571783300183597,0.04008754100141232
899,14,4,16,0.8,0.05571783300183597,0.08008270799837192
900,14,5,1,0.2,0.006007707997923717,0.0029994579999765847
901,14,5,2,0.2,0.006007707997923717,0.0051512089994503185
902,14,5,4,0.2,0.006007707997923717,0.009753082998940954
903,14,5,8,0.2,0.006007707997923717,0.018992417000845307
904,14,5,16,0.2,0.006007707997923717,0.03743841599862208
905,14,5,1,0.4,0.012805375001335051,0.0035457500016491394
906,14,5,2,0.4,0.012805375001335051,0.006386832999851322
907,14,5,4,0.4,0.012805375001335051,0.01219604200014146
908,14,5,8,0.4,0.012805375001335051,0.02383070799987763
909,14,5,16,0.4,0.012805375001335051,0.047112874999584164
910,14,5,1,0.6,0.02582345799964969,0.00440162499944563
911,14,5,2,0.6,0.02582345799964969,0.007968666999659035
912,14,5,4,0.6,0.02582345799964969,0.015424749999510823
913,14,5,8,0.6,0.02582345799964969,0.03001429099822417
914,14,5,16,0.6,0.02582345799964969,0.05994437499975902
915,14,5,1,0.8,0.05256500000177766,0.005604083999060094
916,14,5,2,0.8,0.05256500000177766,0.010244124998280313
917,14,5,4,0.8,0.05256500000177766,0.01997720900180866
918,14,5,8,0.8,0.05256500000177766,0.06638966600075946
919,14,5,16,0.8,0.05256500000177766,0.07864879199769348
920,14,6,1,0.2,0.003568041000107769,0.0027289999998174608
921,14,6,2,0.2,0.003568041000107769,0.004565917002764763
922,14,6,4,0.2,0.003568041000107769,0.00857449999966775
923,14,6,8,0.2,0.003568041000107769,0.01655308400222566
924,14,6,16,0.2,0.003568041000107769,0.032555167003010865
925,14,6,1,0.4,0.015594667002005735,0.0038112919974082615
926,14,6,2,0.4,0.015594667002005735,0.006866250001621665
927,14,6,4,0.4,0.015594667002005735,0.012933000001794426
928,14,6,8,0.4,0.015594667002005735,0.025445415998547105
929,14,6,16,0.4,0.015594667002005735,0.05028662499898928
930,14,6,1,0.6,0.024029125001106877,0.004353790998720797
931,14,6,2,0.6,0.024029125001106877,0.007801250001648441
932,14,6,4,0.6,0.024029125001106877,0.015091334000317147
933,14,6,8,0.6,0.024029125001106877,0.029332624999369727
934,14,6,16,0.6,0.024029125001106877,0.05835458300134633
935,14,6,1,0.8,0.04749429100047564,0.005406959000538336
936,14,6,2,0.8,0.04749429100047564,0.00985591700009536
937,14,6,4,0.8,0.04749429100047564,0.019232999999076128
938,14,6,8,0.8,0.04749429100047564,0.037900625000474975
939,14,6,16,0.8,0.04749429100047564,0.07499195799755398
940,14,7,1,0.2,0.006461915996624157,0.003049083999940194
941,14,7,2,0.2,0.006461915996624157,0.005308249998051906
942,14,7,4,0.2,0.006461915996624157,0.009969000002456596
943,14,7,8,0.2,0.006461915996624157,0.01933058400027221
944,14,7,16,0.2,0.006461915996624157,0.038329291997797554
945,14,7,1,0.4,0.013423874999716645,0.003614749999542255
946,14,7,2,0.4,0.013423874999716645,0.006465209000452887
947,14,7,4,0.4,0.013423874999716645,0.012401459000102477
948,14,7,8,0.4,0.013423874999716645,0.05078612500074087
949,14,7,16,0.4,0.013423874999716645,0.04765458299880265
950,14,7,1,0.6,0.025019291999342386,0.004420082997967256
951,14,7,2,0.6,0.025019291999342386,0.007863582999561913
952,14,7,4,0.6,0.025019291999342386,0.015153750002355082
953,14,7,8,0.6,0.025019291999342386,0.029745458999968832
954,14,7,16,0.6,0.025019291999342386,0.059020166998379864
955,14,7,1,0.8,0.044635832997300895,0.005278665998048382
956,14,7,2,0.8,0.044635832997300895,0.00978466699962155
957,14,7,4,0.8,0.044635832997300895,0.01875224999821512
958,14,7,8,0.8,0.044635832997300895,0.03728358299849788
959,14,7,16,0.8,0.044635832997300895,0.07338883300326415
960,14,8,1,0.2,0.0035479170001053717,0.0027318749998812564
961,14,8,2,0.2,0.0035479170001053717,0.0045758339983876795
962,14,8,4,0.2,0.0035479170001053717,0.008544167001673486
963,14,8,8,0.2,0.0035479170001053717,0.016584375000093132
964,14,8,16,0.2,0.0035479170001053717,0.03252487500139978
965,14,8,1,0.4,0.011412084000767209,0.003499291997286491
966,14,8,2,0.4,0.011412084000767209,0.006155999999464257
967,14,8,4,0.4,0.011412084000767209,0.011873333998664748
968,14,8,8,0.4,0.011412084000767209,0.02292324999871198
969,14,8,16,0.4,0.011412084000767209,0.045456167001248104
970,14,8,1,0.6,0.02396249999947031,0.004317625000112457
971,14,8,2,0.6,0.02396249999947031,0.007813999996869825
972,14,8,4,0.6,0.02396249999947031,0.014974375000747386
973,14,8,8,0.6,0.02396249999947031,0.029396124999038875
974,14,8,16,0.6,0.02396249999947031,0.05816604199935682
975,14,8,1,0.8,0.0448460840016196,0.0054552920009882655
976,14,8,2,0.8,0.0448460840016196,0.01000029200076824
977,14,8,4,0.8,0.0448460840016196,0.020413917001860682
978,14,8,8,0.8,0.0448460840016196,0.03802454200194916
979,14,8,16,0.8,0.0448460840016196,0.10078195900132414
980,14,9,1,0.2,0.005226749999565072,0.0030726250006409828
981,14,9,2,0.2,0.005226749999565072,0.005023792000429239
982,14,9,4,0.2,0.005226749999565072,0.009398666999913985
983,14,9,8,0.2,0.005226749999565072,0.01809874999889871
984,14,9,16,0.2,0.005226749999565072,0.035912875002395594
985,14,9,1,0.4,0.013492375001078472,0.003627374997449806
986,14,9,2,0.4,0.013492375001078472,0.006542917002661852
987,14,9,4,0.4,0.013492375001078472,0.012406541001837468
988,14,9,8,0.4,0.013492375001078472,0.02427874999921187
989,14,9,16,0.4,0.013492375001078472,0.04786358399724122
990,14,9,1,0.6,0.02674033299990697,0.004528666999249253
991,14,9,2,0.6,0.02674033299990697,0.008016416999453213
992,14,9,4,0.6,0.02674033299990697,0.015711915999418125
993,14,9,8,0.6,0.02674033299990697,0.030504250000376487
994,14,9,16,0.6,0.02674033299990697,0.06101870899874484
995,14,9,1,0.8,0.05885333400146919,0.005958082998404279
996,14,9,2,0.8,0.05885333400146919,0.010756083000160288
997,14,9,4,0.8,0.05885333400146919,0.02078925000023446
998,14,9,8,0.8,0.05885333400146919,0.04115520900086267
999,14,9,16,0.8,0.05885333400146919,0.08137737499782816
1000,16,0,1,0.2,0.006517124998936197,0.007401916998787783
1001,16,0,2,0.2,0.006517124998936197,0.013494040998921264
1002,16,0,4,0.2,0.006517124998936197,0.025619459000154166
1003,16,0,8,0.2,0.006517124998936197,0.050161040999228135
1004,16,0,16,0.2,0.006517124998936197,0.0988980830006767
1005,16,0,1,0.4,0.01816687500104308,0.009550082999339793
1006,16,0,2,0.4,0.01816687500104308,0.017659917000855785
1007,16,0,4,0.4,0.01816687500104308,0.03423675000158255
1008,16,0,8,0.4,0.01816687500104308,0.06747575000190409
1009,16,0,16,0.4,0.01816687500104308,0.13396674999967217
1010,16,0,1,0.6,0.05129624999972293,0.013253875000373228
1011,16,0,2,0.6,0.05129624999972293,0.025310916997113964
1012,16,0,4,0.6,0.05129624999972293,0.049462667000625515
1013,16,0,8,0.6,0.05129624999972293,0.17107745800240082
1014,16,0,16,0.6,0.05129624999972293,0.20066550000046846
1015,16,0,1,0.8,0.0819683330009866,0.016233500002272194
1016,16,0,2,0.8,0.0819683330009866,0.030509917000017595
1017,16,0,4,0.8,0.0819683330009866,0.059937083002296276
1018,16,0,8,0.8,0.0819683330009866,0.152765291997639
1019,16,0,16,0.8,0.0819683330009866,0.24129016700317152
1020,16,1,1,0.2,0.004417083997395821,0.006965708002098836
1021,16,1,2,0.2,0.004417083997395821,0.01235774999804562
1022,16,1,4,0.2,0.004417083997395821,0.02377974999762955
1023,16,1,8,0.2,0.004417083997395821,0.04532116699920152
1024,16,1,16,0.2,0.004417083997395821,0.08924379200107069
1025,16,1,1,0.4,0.021393249997345265,0.009943332999682752
1026,16,1,2,0.4,0.021393249997345265,0.018590583000332117
1027,16,1,4,0.4,0.021393249997345265,0.07357283300007111
1028,16,1,8,0.4,0.021393249997345265,0.07330241599993315
1029,16,1,16,0.4,0.021393249997345265,0.14329058299699682
1030,16,1,1,0.6,0.05851266700119595,0.01415916699988884
1031,16,1,2,0.6,0.05851266700119595,0.026371749998361338
1032,16,1,4,0.6,0.05851266700119595,0.05185449999771663
1033,16,1,8,0.6,0.05851266700119595,0.10283300000082818
1034,16,1,16,0.6,0.05851266700119595,0.23128100000030827
1035,16,1,1,0.8,0.07588116700208047,0.015502333000767976
1036,16,1,2,0.8,0.07588116700208047,0.029182999998738524
1037,16,1,4,0.8,0.07588116700208047,0.057226958000683226
1038,16,1,8,0.8,0.07588116700208047,0.11330070899930433
1039,16,1,16,0.8,0.07588116700208047,0.22618479100128752
1040,16,2,1,0.2,0.005179916999622947,0.006929375002073357
1041,16,2,2,0.2,0.005179916999622947,0.012449958001525374
1042,16,2,4,0.2,0.005179916999622947,0.023856874999182764
1043,16,2,8,0.2,0.005179916999622947,0.046933875000831904
1044,16,2,16,0.2,0.005179916999622947,0.0924286250010482
1045,16,2,1,0.4,0.035213541999837616,0.011715417000232264
1046,16,2,2,0.4,0.035213541999837616,0.021998749998601852
1047,16,2,4,0.4,0.035213541999837616,0.04309854199891561
1048,16,2,8,0.4,0.035213541999837616,0.08517079100056435
1049,16,2,16,0.4,0.035213541999837616,0.16907649999848218
1050,16,2,1,0.6,0.05279808300110744,0.013528457999200327
1051,16,2,2,0.6,0.05279808300110744,0.025385583001479972
1052,16,2,4,0.6,0.05279808300110744,0.04971766699964064
1053,16,2,8,0.6,0.05279808300110744,0.09857237499818439
1054,16,2,16,0.6,0.05279808300110744,0.19658045899996068
1055,16,2,1,0.8,0.12023154199778219,0.01660766699933447
1056,16,2,2,0.8,0.12023154199778219,0.03172916599942255
1057,16,2,4,0.8,0.12023154199778219,0.06229749999693013
1058,16,2,8,0.8,0.12023154199778219,0.12350254200282507
1059,16,2,16,0.8,0.12023154199778219,0.24614416700205766
1060,16,3,1,0.2,0.007967124998685904,0.007551167000201531
1061,16,3,2,0.2,0.007967124998685904,0.013919707998866215
1062,16,3,4,0.2,0.007967124998685904,0.02685816599841928
1063,16,3,8,0.2,0.007967124998685904,0.052989082996646175
1064,16,3,16,0.2,0.007967124998685904,0.105118458999641
1065,16,3,1,0.4,0.03329466600189335,0.011417667003115639
1066,16,3,2,0.4,0.03329466600189335,0.021673708000889746
1067,16,3,4,0.4,0.03329466600189335,0.04232120899905567
1068,16,3,8,0.4,0.03329466600189335,0.08390262499960954
1069,16,3,16,0.4,0.03329466600189335,0.16580337499908637
1070,16,3,1,0.6,0.05485933300224133,0.013549874998716405
1071,16,3,2,0.6,0.05485933300224133,0.025891208999382798
1072,16,3,4,0.6,0.05485933300224133,0.05052912500104867
1073,16,3,8,0.6,0.05485933300224133,0.10002816700216499
1074,16,3,16,0.6,0.05485933300224133,0.22814370899868663
1075,16,3,1,0.8,0.0903563749998284,0.016349708999769064
1076,16,3,2,0.8,0.0903563749998284,0.031241791002685204
1077,16,3,4,0.8,0.0903563749998284,0.061573416998726316
1078,16,3,8,0.8,0.0903563749998284,0.12194074999933946
1079,16,3,16,0.8,0.0903563749998284,0.2442780409983243
1080,16,4,1,0.2,0.00748695899892482,0.007424500003253343
1081,16,4,2,0.2,0.00748695899892482,0.013734250002016779
1082,16,4,4,0.2,0.00748695899892482,0.02638279199891258
1083,16,4,8,0.2,0.00748695899892482,0.05198512499919161
1084,16,4,16,0.2,0.00748695899892482,0.1031022919996758
1085,16,4,1,0.4,0.026710624999395804,0.010652749999280786
1086,16,4,2,0.4,0.026710624999395804,0.020094999999855645
1087,16,4,4,0.4,0.026710624999395804,0.039343833002931206
1088,16,4,8,0.4,0.026710624999395804,0.07757170800323365
1089,16,4,16,0.4,0.026710624999395804,0.15331491599863512
1090,16,4,1,0.6,0.042372833002445986,0.01228058400010923
1091,16,4,2,0.6,0.042372833002445986,0.02338899999813293
1092,16,4,4,0.6,0.042372833002445986,0.045893707996583544
1093,16,4,8,0.6,0.042372833002445986,0.09062695900138351
1094,16,4,16,0.6,0.042372833002445986,0.1815128749985888
1095,16,4,1,0.8,0.08483991599860019,0.016105041999253444
1096,16,4,2,0.8,0.08483991599860019,0.03079612500005169
1097,16,4,4,0.8,0.08483991599860019,0.05966975000046659
1098,16,4,8,0.8,0.08483991599860019,0.11881033300232957
1099,16,4,16,0.8,0.08483991599860019,0.2630460830005177
1100,16,5,1,0.2,0.005161957997188438,0.006824792002589675
1101,16,5,2,0.2,0.005161957997188438,0.012453416999051115
1102,16,5,4,0.2,0.005161957997188438,0.02394987500156276
1103,16,5,8,0.2,0.005161957997188438,0.04708441599723301
1104,16,5,16,0.2,0.005161957997188438,0.09294816700275987
1105,16,5,1,0.4,0.018116041999746813,0.009355791000416502
1106,16,5,2,0.4,0.018116041999746813,0.01763662499797647
1107,16,5,4,0.4,0.018116041999746813,0.03429133299869136
1108,16,5,8,0.4,0.018116041999746813,0.06772533299954375
1109,16,5,16,0.4,0.018116041999746813,0.13475941700016847
1110,16,5,1,0.6,0.05726291600149125,0.013702999996894505
1111,16,5,2,0.6,0.05726291600149125,0.026255917000526097
1112,16,5,4,0.6,0.05726291600149125,0.052106374998402316
1113,16,5,8,0.6,0.05726291600149125,0.10235908300091978
1114,16,5,16,0.6,0.05726291600149125,0.20478666700000758
1115,16,5,1,0.8,0.06653470799938077,0.015373124999314314
1116,16,5,2,0.8,0.06653470799938077,0.02877266699942993
1117,16,5,4,0.8,0.06653470799938077,0.05637612500140676
1118,16,5,8,0.8,0.06653470799938077,0.10858949999965262
1119,16,5,16,0.8,0.06653470799938077,0.24550395799815306
1120,16,6,1,0.2,0.00405216600120184,0.006578625001566252
1121,16,6,2,0.2,0.00405216600120184,0.011862999999721069
1122,16,6,4,0.2,0.00405216600120184,0.022667499997623963
1123,16,6,8,0.2,0.00405216600120184,0.044422083999961615
1124,16,6,16,0.2,0.00405216600120184,0.08753370799968252
1125,16,6,1,0.4,0.02055866700175102,0.010033124999608845
1126,16,6,2,0.4,0.02055866700175102,0.018505957999877864
1127,16,6,4,0.4,0.02055866700175102,0.035929082998336526
1128,16,6,8,0.4,0.02055866700175102,0.07111633399836137
1129,16,6,16,0.4,0.02055866700175102,0.14063583299866877
1130,16,6,1,0.6,0.05594145899885916,0.013699458999326453
1131,16,6,2,0.6,0.05594145899885916,0.026152958002057858
1132,16,6,4,0.6,0.05594145899885916,0.05134787499991944
1133,16,6,8,0.6,0.05594145899885916,0.1046769589993346
1134,16,6,16,0.6,0.05594145899885916,0.20677791699927184
1135,16,6,1,0.8,0.09486766600093688,0.016588834001595387
1136,16,6,2,0.8,0.09486766600093688,0.03157120800096891
1137,16,6,4,0.8,0.09486766600093688,0.06192887499855715
1138,16,6,8,0.8,0.09486766600093688,0.12631345800036797
1139,16,6,16,0.8,0.09486766600093688,0.24499712499891757
1140,16,7,1,0.2,0.005984915998851648,0.006983625000430038
1141,16,7,2,0.2,0.005984915998851648,0.012884458003100008
1142,16,7,4,0.2,0.005984915998851648,0.02481820799948764
1143,16,7,8,0.2,0.005984915998851648,0.048906457999692066
1144,16,7,16,0.2,0.005984915998851648,0.09663416699913796
1145,16,7,1,0.4,0.02679537500080187,0.01055383299899404
1146,16,7,2,0.4,0.02679537500080187,0.046288500001537614
1147,16,7,4,0.4,0.02679537500080187,0.03909991599721252
1148,16,7,8,0.4,0.02679537500080187,0.07733029100199929
1149,16,7,16,0.4,0.02679537500080187,0.15370741699734936
1150,16,7,1,0.6,0.05705462499827263,0.013614374998724088
1151,16,7,2,0.6,0.05705462499827263,0.026089541002875194
1152,16,7,4,0.6,0.05705462499827263,0.05121349999899394
1153,16,7,8,0.6,0.05705462499827263,0.1015202920025331
1154,16,7,16,0.6,0.05705462499827263,0.20296970900017186
1155,16,7,1,0.8,0.08224770800006809,0.015817957999388454
1156,16,7,2,0.8,0.08224770800006809,0.02997716699974262
1157,16,7,4,0.8,0.08224770800006809,0.0590843340032734
1158,16,7,8,0.8,0.08224770800006809,0.11761150000165799
1159,16,7,16,0.8,0.08224770800006809,0.2336040000009234
1160,16,8,1,0.2,0.006637959002546268,0.007439082997734658
1161,16,8,2,0.2,0.006637959002546268,0.013352499998291023
1162,16,8,4,0.2,0.006637959002546268,0.025394624997716164
1163,16,8,8,0.2,0.006637959002546268,0.04994575000091572
1164,16,8,16,0.2,0.006637959002546268,0.09885741700054496
1165,16,8,1,0.4,0.04791833399940515,0.009941291998984525
1166,16,8,2,0.4,0.04791833399940515,0.018544750000728527
1167,16,8,4,0.4,0.04791833399940515,0.036015332996612415
1168,16,8,8,0.4,0.04791833399940515,0.07114712499969755
1169,16,8,16,0.4,0.04791833399940515,0.1418623329991533
1170,16,8,1,0.6,0.05233500000031199,0.0132848749999539
1171,16,8,2,0.6,0.05233500000031199,0.025303875001554843
1172,16,8,4,0.6,0.05233500000031199,0.04976716699820827
1173,16,8,8,0.6,0.05233500000031199,0.09956987499754177
1174,16,8,16,0.6,0.05233500000031199,0.19663820799905807
1175,16,8,1,0.8,0.09657520900145755,0.016678332998708356
1176,16,8,2,0.8,0.09657520900145755,0.03266174999953364
1177,16,8,4,0.8,0.09657520900145755,0.06330112500290852
1178,16,8,8,0.8,0.09657520900145755,0.12710045799758518
1179,16,8,16,0.8,0.09657520900145755,0.25174108400096884
1180,16,9,1,0.2,0.006999833000008948,0.00740724999923259
1181,16,9,2,0.2,0.006999833000008948,0.013430292001430644
1182,16,9,4,0.2,0.006999833000008948,0.025861750000331085
1183,16,9,8,0.2,0.006999833000008948,0.0507634589994268
1184,16,9,16,0.2,0.006999833000008948,0.10094366599878413
1185,16,9,1,0.4,0.022439915999711957,0.010231332998955622
1186,16,9,2,0.4,0.022439915999711957,0.0188406670022232
1187,16,9,4,0.4,0.022439915999711957,0.036739458999363706
1188,16,9,8,0.4,0.022439915999711957,0.07215645800170023
1189,16,9,16,0.4,0.022439915999711957,0.14339687499887077
1190,16,9,1,0.6,0.07278724999923725,0.01298504199803574
1191,16,9,2,0.6,0.07278724999923725,0.024249041998700704
1192,16,9,4,0.6,0.07278724999923725,0.047415542001544964
1193,16,9,8,0.6,0.07278724999923725,0.0941085420017771
1194,16,9,16,0.6,0.07278724999923725,0.18650029199852725
1195,16,9,1,0.8,0.07257058300092467,0.01519383300183108
1196,16,9,2,0.8,0.07257058300092467,0.028881124999315944
1197,16,9,4,0.8,0.07257058300092467,0.05680983300044318
1198,16,9,8,0.8,0.07257058300092467,0.11268774999916786
1199,16,9,16,0.8,0.07257058300092467,0.22361983300288557
1200,18,0,1,0.2,0.009777333998499671,0.028162708000309067
1201,18,0,2,0.2,0.009777333998499671,0.05298408399903565
1202,18,0,4,0.2,0.009777333998499671,0.10274616599781439
1203,18,0,8,0.2,0.009777333998499671,0.20194612500199582
1204,18,0,16,0.2,0.009777333998499671,0.4010939159998088
1205,18,0,1,0.4,0.037588625000353204,0.042055249999975786
1206,18,0,2,0.4,0.037588625000353204,0.08046399999875575
1207,18,0,4,0.4,0.037588625000353204,0.18490795799880289
1208,18,0,8,0.4,0.037588625000353204,0.3120721249979397
1209,18,0,16,0.4,0.037588625000353204,0.6165099589998135
1210,18,0,1,0.6,0.08068579099926865,0.05466379100107588
1211,18,0,2,0.6,0.08068579099926865,0.10576299999956973
1212,18,0,4,0.6,0.08068579099926865,0.20829512499767588
1213,18,0,8,0.6,0.08068579099926865,0.4134127079996688
1214,18,0,16,0.6,0.08068579099926865,0.8227492500009248
1215,18,0,1,0.8,0.1427563340002962,0.06723845800297568
1216,18,0,2,0.8,0.1427563340002962,0.13097445799940033
1217,18,0,4,0.8,0.1427563340002962,0.2583321669990255
1218,18,0,8,0.8,0.1427563340002962,0.5133817919995636
1219,18,0,16,0.8,0.1427563340002962,1.052450167000643
1220,18,1,1,0.2,0.009143375002167886,0.02791787500245846
1221,18,1,2,0.2,0.009143375002167886,0.052507125001284294
1222,18,1,4,0.2,0.009143375002167886,0.10153045799961546
1223,18,1,8,0.2,0.009143375002167886,0.1999768750029034
1224,18,1,16,0.2,0.009143375002167886,0.3940247079990513
1225,18,1,1,0.4,0.027938041999732377,0.0382755829996313
1226,18,1,2,0.4,0.027938041999732377,0.07293366700105253
1227,18,1,4,0.4,0.027938041999732377,0.14197437500115484
1228,18,1,8,0.4,0.027938041999732377,0.2807359170001291
1229,18,1,16,0.4,0.027938041999732377,0.5606727080012206
1230,18,1,1,0.6,0.08396204199743806,0.05508745799670578
1231,18,1,2,0.6,0.08396204199743806,0.10652200000185985
1232,18,1,4,0.6,0.08396204199743806,0.20965862500088406
1233,18,1,8,0.6,0.08396204199743806,0.4169449170003645
1234,18,1,16,0.6,0.08396204199743806,0.8304566670012719
1235,18,1,1,0.8,0.1351438749989029,0.06589166699995985
1236,18,1,2,0.8,0.1351438749989029,0.15517408400046406
1237,18,1,4,0.8,0.1351438749989029,0.2530843749991618
1238,18,1,8,0.8,0.1351438749989029,0.503152916997351
1239,18,1,16,0.8,0.1351438749989029,1.005581749999692
1240,18,2,1,0.2,0.009138667002844159,0.02775350000229082
1241,18,2,2,0.2,0.009138667002844159,0.052102333000220824
1242,18,2,4,0.2,0.009138667002844159,0.10111495800083503
1243,18,2,8,0.2,0.009138667002844159,0.19859379199988325
1244,18,2,16,0.2,0.009138667002844159,0.39350566700159106
1245,18,2,1,0.4,0.027889916997082764,0.03820699999778299
1246,18,2,2,0.4,0.027889916997082764,0.07271666700034984
1247,18,2,4,0.4,0.027889916997082764,0.1419983339983446
1248,18,2,8,0.4,0.027889916997082764,0.2813999169993622
1249,18,2,16,0.4,0.027889916997082764,0.5598705420015904
1250,18,2,1,0.6,0.09496737500012387,0.05765291700299713
1251,18,2,2,0.6,0.09496737500012387,0.11184124999999767
1252,18,2,4,0.6,0.09496737500012387,0.21981212500031688
1253,18,2,8,0.6,0.09496737500012387,0.4640909589979856
1254,18,2,16,0.6,0.09496737500012387,0.8713397909996274
1255,18,2,1,0.8,0.14448829100001603,0.0680900000006659
1256,18,2,2,0.8,0.14448829100001603,0.13278025000181515
1257,18,2,4,0.8,0.14448829100001603,0.2623835420017713
1258,18,2,8,0.8,0.14448829100001603,0.5204722089983989
1259,18,2,16,0.8,0.14448829100001603,1.0327686249984254
1260,18,3,1,0.2,0.006565624997165287,0.02581662499869708
1261,18,3,2,0.2,0.006565624997165287,0.0482154579985945
1262,18,3,4,0.2,0.006565624997165287,0.09321750000162865
1263,18,3,8,0.2,0.006565624997165287,0.1855724580018432
1264,18,3,16,0.2,0.006565624997165287,0.3631567080010427
1265,18,3,1,0.4,0.038027124999644,0.04168249999929685
1266,18,3,2,0.4,0.038027124999644,0.07985212499988847
1267,18,3,4,0.4,0.038027124999644,0.15602283399857697
1268,18,3,8,0.4,0.038027124999644,0.30945195900130784
1269,18,3,16,0.4,0.038027124999644,0.6427738339989446
1270,18,3,1,0.6,0.094215457997052,0.0579002499980561
1271,18,3,2,0.6,0.094215457997052,0.11250933400151553
1272,18,3,4,0.6,0.094215457997052,0.2215577499991923
1273,18,3,8,0.6,0.094215457997052,0.4402882499998668
1274,18,3,16,0.6,0.094215457997052,0.8779808330000378
1275,18,3,1,0.8,0.1441882080034702,0.06756283399954555
1276,18,3,2,0.8,0.1441882080034702,0.13166125000134343
1277,18,3,4,0.8,0.1441882080034702,0.2602386670005217
1278,18,3,8,0.8,0.1441882080034702,0.5177207500018994
1279,18,3,16,0.8,0.1441882080034702,1.03986950000035
1280,18,4,1,0.2,0.01227229200230795,0.029972874999657506
1281,18,4,2,0.2,0.01227229200230795,0.05632887500178185
1282,18,4,4,0.2,0.01227229200230795,0.13909537500148872
1283,18,4,8,0.2,0.01227229200230795,0.21634483299931162
1284,18,4,16,0.2,0.01227229200230795,0.42769700000280864
1285,18,4,1,0.4,0.039966332999028964,0.042786875001183944
1286,18,4,2,0.4,0.039966332999028964,0.08198891700158129
1287,18,4,4,0.4,0.039966332999028964,0.16060087499863585
1288,18,4,8,0.4,0.039966332999028964,0.31864375000077416
1289,18,4,16,0.4,0.039966332999028964,0.633817124999041
1290,18,4,1,0.6,0.08749324999735109,0.05578829200021573
1291,18,4,2,0.6,0.08749324999735109,0.10847375000230386
1292,18,4,4,0.6,0.08749324999735109,0.21276016699994216
1293,18,4,8,0.6,0.08749324999735109,0.4252555829989433
1294,18,4,16,0.6,0.08749324999735109,0.8512663340006839
1295,18,4,1,0.8,0.1520053749991348,0.06866333399739233
1296,18,4,2,0.8,0.1520053749991348,0.13408337500004563
1297,18,4,4,0.8,0.1520053749991348,0.2654293330015207
1298,18,4,8,0.8,0.1520053749991348,0.528453916998842
1299,18,4,16,0.8,0.1520053749991348,1.082492582998384
1300,18,5,1,0.2,0.0075503750013012905,0.026691915998526383
1301,18,5,2,0.2,0.0075503750013012905,0.049988624999969034
1302,18,5,4,0.2,0.0075503750013012905,0.09622820900040097
1303,18,5,8,0.2,0.0075503750013012905,0.18992358299874468
1304,18,5,16,0.2,0.0075503750013012905,0.3763099580028211
1305,18,5,1,0.4,0.04224616699866601,0.04332687499845633
1306,18,5,2,0.4,0.04224616699866601,0.08314916599920252
1307,18,5,4,0.4,0.04224616699866601,0.16295512500073528
1308,18,5,8,0.4,0.04224616699866601,0.3227488340016862
1309,18,5,16,0.4,0.04224616699866601,0.6427989169969806
1310,18,5,1,0.6,0.070912250001129,0.052047291999770096
1311,18,5,2,0.6,0.070912250001129,0.10087470800135634
1312,18,5,4,0.6,0.070912250001129,0.19783045900112484
1313,18,5,8,0.6,0.070912250001129,0.39262679199964623
1314,18,5,16,0.6,0.070912250001129,0.7831504580026376
1315,18,5,1,0.8,0.14012683300097706,0.06958229099836899
1316,18,5,2,0.8,0.14012683300097706,0.13373254200269002
1317,18,5,4,0.8,0.14012683300097706,0.2841317499987781
1318,18,5,8,0.8,0.14012683300097706,0.5109322919997794
1319,18,5,16,0.8,0.14012683300097706,1.0223710000027495
1320,18,6,1,0.2,0.007581999998365063,0.026625958002114203
1321,18,6,2,0.2,0.007581999998365063,0.04948708399751922
1322,18,6,4,0.2,0.007581999998365063,0.09553312500065658
1323,18,6,8,0.2,0.007581999998365063,0.18825395800013212
1324,18,6,16,0.2,0.007581999998365063,0.37377816700245603
1325,18,6,1,0.4,0.023133458002121188,0.03578162499979953
1326,18,6,2,0.4,0.023133458002121188,0.06838779199824785
1327,18,6,4,0.4,0.023133458002121188,0.13379120799800148
1328,18,6,8,0.4,0.023133458002121188,0.2622845000005327
1329,18,6,16,0.4,0.023133458002121188,0.521529207999265
1330,18,6,1,0.6,0.08757425000294461,0.055786083998100366
1331,18,6,2,0.6,0.08757425000294461,0.10815024999828893
1332,18,6,4,0.6,0.08757425000294461,0.21292737499970826
1333,18,6,8,0.6,0.08757425000294461,0.45047195900042425
1334,18,6,16,0.6,0.08757425000294461,0.8436609580021468
1335,18,6,1,0.8,0.14177095900231507,0.06694950000019162
1336,18,6,2,0.8,0.14177095900231507,0.13092354200125556
1337,18,6,4,0.8,0.14177095900231507,0.25822479099952034
1338,18,6,8,0.8,0.14177095900231507,0.5137457910022931
1339,18,6,16,0.8,0.14177095900231507,1.0247507909989508
1340,18,7,1,0.2,0.009173457998258527,0.027849375001096632
1341,18,7,2,0.2,0.009173457998258527,0.05241462499907357
1342,18,7,4,0.2,0.009173457998258527,0.10142816599909565
1343,18,7,8,0.2,0.009173457998258527,0.1998344999992696
1344,18,7,16,0.2,0.009173457998258527,0.3935622089993558
1345,18,7,1,0.4,0.02923324999937904,0.03858341699742596
1346,18,7,2,0.4,0.02923324999937904,0.07357537500138278
1347,18,7,4,0.4,0.02923324999937904,0.14349674999903073
1348,18,7,8,0.4,0.02923324999937904,0.28452124999967054
1349,18,7,16,0.4,0.02923324999937904,0.5662583749981422
1350,18,7,1,0.6,0.06718066599933081,0.050888416000816505
1351,18,7,2,0.6,0.06718066599933081,0.09810112500053947
1352,18,7,4,0.6,0.06718066599933081,0.21954641599950264
1353,18,7,8,0.6,0.06718066599933081,0.3831210419994022
1354,18,7,16,0.6,0.06718066599933081,0.763162374998501
1355,18,7,1,0.8,0.13569300000017392,0.0658357079992129
1356,18,7,2,0.8,0.13569300000017392,0.128739666997717
1357,18,7,4,0.8,0.13569300000017392,0.2530087500017544
1358,18,7,8,0.8,0.13569300000017392,0.5037425420014188
1359,18,7,16,0.8,0.13569300000017392,1.0738332089968026
1360,18,8,1,0.2,0.007818334001058247,0.02696250000008149
1361,18,8,2,0.2,0.007818334001058247,0.05071279099865933
1362,18,8,4,0.2,0.007818334001058247,0.09750729100051103
1363,18,8,8,0.2,0.007818334001058247,0.1900179170006595
1364,18,8,16,0.2,0.007818334001058247,0.376738832997944
1365,18,8,1,0.4,0.0318647919993964,0.039446916001907084
1366,18,8,2,0.4,0.0318647919993964,0.07578816599925631
1367,18,8,4,0.4,0.0318647919993964,0.1766320419992553
1368,18,8,8,0.4,0.0318647919993964,0.29469800000151736
1369,18,8,16,0.4,0.0318647919993964,0.5867739999994228
1370,18,8,1,0.6,0.06639008300044225,0.05044354100027704
1371,18,8,2,0.6,0.06639008300044225,0.0978793329995824
1372,18,8,4,0.6,0.06639008300044225,0.1931853330024751
1373,18,8,8,0.6,0.06639008300044225,0.3824023749984917
1374,18,8,16,0.6,0.06639008300044225,0.7643644169984327
1375,18,8,1,0.8,0.13304704199981643,0.06581762500354671
1376,18,8,2,0.8,0.13304704199981643,0.12856224999995902
1377,18,8,4,0.8,0.13304704199981643,0.2532855000026757
1378,18,8,8,0.8,0.13304704199981643,0.5044041660003131
1379,18,8,16,0.8,0.13304704199981643,1.0284320829996432
1380,18,9,1,0.2,0.01036079200275708,0.028464415998314507
1381,18,9,2,0.2,0.01036079200275708,0.053646624997782055
1382,18,9,4,0.2,0.01036079200275708,0.10404170800029533
1383,18,9,8,0.2,0.01036079200275708,0.20497087499825284
1384,18,9,16,0.2,0.01036079200275708,0.40714500000103726
1385,18,9,1,0.4,0.02798741700098617,0.03745633399739745
1386,18,9,2,0.4,0.02798741700098617,0.07191900000179885
1387,18,9,4,0.4,0.02798741700098617,0.14127704199927393
1388,18,9,8,0.4,0.02798741700098617,0.2840568749998056
1389,18,9,16,0.4,0.02798741700098617,0.5558341249998193
1390,18,9,1,0.6,0.08850800000072923,0.055608333997952286
1391,18,9,2,0.6,0.08850800000072923,0.10810608400061028
1392,18,9,4,0.6,0.08850800000072923,0.21325187500042375
1393,18,9,8,0.6,0.08850800000072923,0.42574975000025006
1394,18,9,16,0.6,0.08850800000072923,0.8449339999970107
1395,18,9,1,0.8,0.12474404200111167,0.06343900000138092
1396,18,9,2,0.8,0.12474404200111167,0.12382691699895076
1397,18,9,4,0.8,0.12474404200111167,0.24611366699900827
1398,18,9,8,0.8,0.12474404200111167,0.5213242499994521
1399,18,9,16,0.8,0.12474404200111167,0.9848882910009706
